ARM GAS  C:\Users\·\AppData\Local\Temp\ccg6e0Ld.s 			page 1


   1              		.cpu cortex-m3
   2              		.arch armv7-m
   3              		.fpu softvfp
   4              		.eabi_attribute 20, 1
   5              		.eabi_attribute 21, 1
   6              		.eabi_attribute 23, 3
   7              		.eabi_attribute 24, 1
   8              		.eabi_attribute 25, 1
   9              		.eabi_attribute 26, 1
  10              		.eabi_attribute 30, 1
  11              		.eabi_attribute 34, 1
  12              		.eabi_attribute 18, 4
  13              		.file	"main.c"
  14              		.text
  15              	.Ltext0:
  16              		.cfi_sections	.debug_frame
  17              		.file 1 "Core/Src/main.c"
  18              		.section	.text.MPU6050_read_data,"ax",%progbits
  19              		.align	1
  20              		.global	MPU6050_read_data
  21              		.syntax unified
  22              		.thumb
  23              		.thumb_func
  25              	MPU6050_read_data:
  26              	.LFB67:
   1:Core/Src/main.c **** /* USER CODE BEGIN Header */
   2:Core/Src/main.c **** /**
   3:Core/Src/main.c ****   ******************************************************************************
   4:Core/Src/main.c ****   * @file           : main.c
   5:Core/Src/main.c ****   * @brief          : Main program body
   6:Core/Src/main.c ****   ******************************************************************************
   7:Core/Src/main.c ****   * @attention
   8:Core/Src/main.c ****   *
   9:Core/Src/main.c ****   * Copyright (c) 2025 STMicroelectronics.
  10:Core/Src/main.c ****   * All rights reserved.
  11:Core/Src/main.c ****   *
  12:Core/Src/main.c ****   * This software is licensed under terms that can be found in the LICENSE file
  13:Core/Src/main.c ****   * in the root directory of this software component.
  14:Core/Src/main.c ****   * If no LICENSE file comes with this software, it is provided AS-IS.
  15:Core/Src/main.c ****   *
  16:Core/Src/main.c ****   ******************************************************************************
  17:Core/Src/main.c ****   */
  18:Core/Src/main.c **** /* USER CODE END Header */
  19:Core/Src/main.c **** /* Includes ------------------------------------------------------------------*/
  20:Core/Src/main.c **** #include "main.h"
  21:Core/Src/main.c **** #include "i2c.h"
  22:Core/Src/main.c **** #include "gpio.h"
  23:Core/Src/main.c **** 
  24:Core/Src/main.c **** /* Private includes ----------------------------------------------------------*/
  25:Core/Src/main.c **** /* USER CODE BEGIN Includes */
  26:Core/Src/main.c **** #include "MPU6050.h"
  27:Core/Src/main.c **** #include "bsp_dwt.h"
  28:Core/Src/main.c **** #include <math.h>
  29:Core/Src/main.c **** /* USER CODE END Includes */
  30:Core/Src/main.c **** 
  31:Core/Src/main.c **** /* Private typedef -----------------------------------------------------------*/
  32:Core/Src/main.c **** /* USER CODE BEGIN PTD */
ARM GAS  C:\Users\·\AppData\Local\Temp\ccg6e0Ld.s 			page 2


  33:Core/Src/main.c **** 
  34:Core/Src/main.c **** typedef struct{
  35:Core/Src/main.c ****   int16_t accel_x;
  36:Core/Src/main.c ****   int16_t accel_y;
  37:Core/Src/main.c ****   int16_t accel_z;
  38:Core/Src/main.c ****   int16_t gyro_x;
  39:Core/Src/main.c ****   int16_t gyro_y;
  40:Core/Src/main.c ****   int16_t gyro_z;
  41:Core/Src/main.c ****   int16_t velocity_x;
  42:Core/Src/main.c ****   int16_t velocity_y;
  43:Core/Src/main.c ****   int16_t velocity_z; 
  44:Core/Src/main.c ****   int16_t temperature;
  45:Core/Src/main.c **** }MPU6050;
  46:Core/Src/main.c **** 
  47:Core/Src/main.c **** typedef struct{
  48:Core/Src/main.c ****   float angle;      
  49:Core/Src/main.c ****   float bias;     
  50:Core/Src/main.c ****   float P[2][2];   
  51:Core/Src/main.c ****   float Q_angle;   
  52:Core/Src/main.c ****   float Q_bias;     
  53:Core/Src/main.c ****   float measure;  
  54:Core/Src/main.c **** } KalmanFilter;
  55:Core/Src/main.c **** 
  56:Core/Src/main.c **** typedef struct{
  57:Core/Src/main.c ****   float w,x,y,z;
  58:Core/Src/main.c **** }Quaternion;
  59:Core/Src/main.c **** 
  60:Core/Src/main.c **** /* USER CODE END PTD */
  61:Core/Src/main.c **** 
  62:Core/Src/main.c **** /* Private define ------------------------------------------------------------*/
  63:Core/Src/main.c **** /* USER CODE BEGIN PD */
  64:Core/Src/main.c **** #define M_PI 3.1415926 //圆周率
  65:Core/Src/main.c **** /* USER CODE END PD */
  66:Core/Src/main.c **** 
  67:Core/Src/main.c **** /* Private macro -------------------------------------------------------------*/
  68:Core/Src/main.c **** /* USER CODE BEGIN PM */
  69:Core/Src/main.c **** 
  70:Core/Src/main.c **** /* USER CODE END PM */
  71:Core/Src/main.c **** 
  72:Core/Src/main.c **** /* Private variables ---------------------------------------------------------*/
  73:Core/Src/main.c **** 
  74:Core/Src/main.c **** /* USER CODE BEGIN PV */
  75:Core/Src/main.c **** MPU6050 MPU6050_Data;
  76:Core/Src/main.c **** 
  77:Core/Src/main.c **** KalmanFilter rollKalman;
  78:Core/Src/main.c **** KalmanFilter yawKalman;
  79:Core/Src/main.c **** KalmanFilter pitchKalman;
  80:Core/Src/main.c **** 
  81:Core/Src/main.c **** Quaternion q;
  82:Core/Src/main.c **** 
  83:Core/Src/main.c **** uint32_t DWT_CNT;
  84:Core/Src/main.c **** float dt;
  85:Core/Src/main.c **** 
  86:Core/Src/main.c **** float roll, pitch, yaw;
  87:Core/Src/main.c **** float raw_roll,raw_pitch,raw_yaw;
  88:Core/Src/main.c **** float filtered_roll, filtered_pitch, filtered_yaw;
  89:Core/Src/main.c **** 
ARM GAS  C:\Users\·\AppData\Local\Temp\ccg6e0Ld.s 			page 3


  90:Core/Src/main.c **** float alpha = 0.98;
  91:Core/Src/main.c **** /* USER CODE END PV */
  92:Core/Src/main.c **** 
  93:Core/Src/main.c **** /* Private function prototypes -----------------------------------------------*/
  94:Core/Src/main.c **** void SystemClock_Config(void);
  95:Core/Src/main.c **** /* USER CODE BEGIN PFP */
  96:Core/Src/main.c **** 
  97:Core/Src/main.c **** /* USER CODE END PFP */
  98:Core/Src/main.c **** 
  99:Core/Src/main.c **** /* Private user code ---------------------------------------------------------*/
 100:Core/Src/main.c **** /* USER CODE BEGIN 0 */
 101:Core/Src/main.c **** 
 102:Core/Src/main.c **** /* USER CODE END 0 */
 103:Core/Src/main.c **** 
 104:Core/Src/main.c **** /**
 105:Core/Src/main.c ****   * @brief  The application entry point.
 106:Core/Src/main.c ****   * @retval int
 107:Core/Src/main.c ****   */
 108:Core/Src/main.c **** int main(void)
 109:Core/Src/main.c **** {
 110:Core/Src/main.c **** 
 111:Core/Src/main.c ****   /* USER CODE BEGIN 1 */
 112:Core/Src/main.c **** 
 113:Core/Src/main.c ****   /* USER CODE END 1 */
 114:Core/Src/main.c **** 
 115:Core/Src/main.c ****   /* MCU Configuration--------------------------------------------------------*/
 116:Core/Src/main.c **** 
 117:Core/Src/main.c ****   /* Reset of all peripherals, Initializes the Flash interface and the Systick. */
 118:Core/Src/main.c ****   HAL_Init();
 119:Core/Src/main.c **** 
 120:Core/Src/main.c ****   /* USER CODE BEGIN Init */
 121:Core/Src/main.c **** 
 122:Core/Src/main.c ****   /* USER CODE END Init */
 123:Core/Src/main.c **** 
 124:Core/Src/main.c ****   /* Configure the system clock */
 125:Core/Src/main.c ****   SystemClock_Config();
 126:Core/Src/main.c **** 
 127:Core/Src/main.c ****   /* USER CODE BEGIN SysInit */
 128:Core/Src/main.c **** 
 129:Core/Src/main.c ****   /* USER CODE END SysInit */
 130:Core/Src/main.c **** 
 131:Core/Src/main.c ****   /* Initialize all configured peripherals */
 132:Core/Src/main.c ****   MX_GPIO_Init();
 133:Core/Src/main.c ****   MX_I2C1_Init();
 134:Core/Src/main.c ****   /* USER CODE BEGIN 2 */
 135:Core/Src/main.c **** 
 136:Core/Src/main.c ****   DWT_Init(72);
 137:Core/Src/main.c **** 
 138:Core/Src/main.c ****   void MPU6050_Init(void);
 139:Core/Src/main.c ****   void MPU6050_read_data(void);
 140:Core/Src/main.c **** 
 141:Core/Src/main.c ****   void InitQuaternion(Quaternion *q);
 142:Core/Src/main.c ****   Quaternion multiplyQuaternions(const Quaternion *q1, const Quaternion *q2);
 143:Core/Src/main.c ****   void updateQuaternion(Quaternion *q, int16_t gx, int16_t gy, int16_t gz, float dt);
 144:Core/Src/main.c ****   void calculateAngles(Quaternion *q, float *roll, float *pitch, float *yaw);
 145:Core/Src/main.c **** 
 146:Core/Src/main.c ****   void kalmanInit(KalmanFilter *filter, float Q_angle, float Q_bias, float measure);
ARM GAS  C:\Users\·\AppData\Local\Temp\ccg6e0Ld.s 			page 4


 147:Core/Src/main.c ****   kalmanInit(&rollKalman, 0.001f, 0.003f, 0.03f);
 148:Core/Src/main.c ****   kalmanInit(&pitchKalman, 0.001f, 0.003f, 0.03f);
 149:Core/Src/main.c ****   kalmanInit(&yawKalman, 0.001f, 0.003f, 0.03f);
 150:Core/Src/main.c ****   float kalmanUpdate(KalmanFilter *filter, float newAngle, float newRate, float dt);
 151:Core/Src/main.c ****   void calculateAccelAngles(float *accel_roll, float *accel_pitch); 
 152:Core/Src/main.c **** 
 153:Core/Src/main.c ****   void complementaryFilter(float *angle, float accel_angle, float gyro_rate, float dt, float alpha)
 154:Core/Src/main.c **** 
 155:Core/Src/main.c ****   roll = pitch = yaw = 0.0f;
 156:Core/Src/main.c ****   q.w = 1.0f;
 157:Core/Src/main.c ****   q.x = q.y = q.z = 0.0f;
 158:Core/Src/main.c **** 
 159:Core/Src/main.c ****   /* USER CODE END 2 */
 160:Core/Src/main.c **** 
 161:Core/Src/main.c ****   /* Infinite loop */
 162:Core/Src/main.c ****   /* USER CODE BEGIN WHILE */
 163:Core/Src/main.c ****   while (1)
 164:Core/Src/main.c ****   {
 165:Core/Src/main.c ****     dt = DWT_GetDeltaT(&DWT_CNT);
 166:Core/Src/main.c ****     MPU6050_read_data();
 167:Core/Src/main.c **** 
 168:Core/Src/main.c ****     float gx_dps, gy_dps, gz_dps;
 169:Core/Src/main.c ****     convertGyroData(MPU6050_Data.gyro_x, MPU6050_Data.gyro_y, MPU6050_Data.gyro_z, 
 170:Core/Src/main.c ****                     &gx_dps, &gy_dps, &gz_dps);
 171:Core/Src/main.c ****     
 172:Core/Src/main.c ****     updateQuaternion(&q,MPU6050_Data.gyro_x,MPU6050_Data.gyro_y,MPU6050_Data.gyro_z,dt);
 173:Core/Src/main.c **** 
 174:Core/Src/main.c ****     calculateAngles(&q,&raw_pitch,&raw_roll,&raw_yaw);
 175:Core/Src/main.c **** 
 176:Core/Src/main.c ****     float accel_roll, accel_pitch;
 177:Core/Src/main.c ****     calculateAccelAngles(&accel_roll, &accel_pitch);
 178:Core/Src/main.c **** 
 179:Core/Src/main.c ****     float gyro_factor = 131.0f;
 180:Core/Src/main.c ****     float gyro_roll = MPU6050_Data.gyro_x / gyro_factor;
 181:Core/Src/main.c ****     float gyro_pitch = MPU6050_Data.gyro_y / gyro_factor;
 182:Core/Src/main.c ****     float gyro_yaw = MPU6050_Data.gyro_z / gyro_factor;
 183:Core/Src/main.c **** 
 184:Core/Src/main.c ****     filtered_roll = kalmanUpdate(&rollKalman, accel_roll, gyro_roll, dt);
 185:Core/Src/main.c ****     filtered_pitch = kalmanUpdate(&pitchKalman, accel_pitch, gyro_pitch, dt);
 186:Core/Src/main.c ****     complementaryFilter(&yaw, raw_yaw, gz_dps, dt, 0.95f);
 187:Core/Src/main.c **** 
 188:Core/Src/main.c ****     roll = filtered_roll;
 189:Core/Src/main.c ****     pitch = filtered_pitch;
 190:Core/Src/main.c **** 
 191:Core/Src/main.c **** 
 192:Core/Src/main.c ****     /* USER CODE END WHILE */
 193:Core/Src/main.c **** 
 194:Core/Src/main.c ****     /* USER CODE BEGIN 3 */
 195:Core/Src/main.c ****     HAL_Delay(10);
 196:Core/Src/main.c ****   }
 197:Core/Src/main.c ****   /* USER CODE END 3 */
 198:Core/Src/main.c **** }
 199:Core/Src/main.c **** 
 200:Core/Src/main.c **** /**
 201:Core/Src/main.c ****   * @brief System Clock Configuration
 202:Core/Src/main.c ****   * @retval None
 203:Core/Src/main.c ****   */
ARM GAS  C:\Users\·\AppData\Local\Temp\ccg6e0Ld.s 			page 5


 204:Core/Src/main.c **** void SystemClock_Config(void)
 205:Core/Src/main.c **** {
 206:Core/Src/main.c ****   RCC_OscInitTypeDef RCC_OscInitStruct = {0};
 207:Core/Src/main.c ****   RCC_ClkInitTypeDef RCC_ClkInitStruct = {0};
 208:Core/Src/main.c **** 
 209:Core/Src/main.c ****   /** Initializes the RCC Oscillators according to the specified parameters
 210:Core/Src/main.c ****   * in the RCC_OscInitTypeDef structure.
 211:Core/Src/main.c ****   */
 212:Core/Src/main.c ****   RCC_OscInitStruct.OscillatorType = RCC_OSCILLATORTYPE_HSE;
 213:Core/Src/main.c ****   RCC_OscInitStruct.HSEState = RCC_HSE_ON;
 214:Core/Src/main.c ****   RCC_OscInitStruct.HSEPredivValue = RCC_HSE_PREDIV_DIV1;
 215:Core/Src/main.c ****   RCC_OscInitStruct.HSIState = RCC_HSI_ON;
 216:Core/Src/main.c ****   RCC_OscInitStruct.PLL.PLLState = RCC_PLL_ON;
 217:Core/Src/main.c ****   RCC_OscInitStruct.PLL.PLLSource = RCC_PLLSOURCE_HSE;
 218:Core/Src/main.c ****   RCC_OscInitStruct.PLL.PLLMUL = RCC_PLL_MUL9;
 219:Core/Src/main.c ****   if (HAL_RCC_OscConfig(&RCC_OscInitStruct) != HAL_OK)
 220:Core/Src/main.c ****   {
 221:Core/Src/main.c ****     Error_Handler();
 222:Core/Src/main.c ****   }
 223:Core/Src/main.c **** 
 224:Core/Src/main.c ****   /** Initializes the CPU, AHB and APB buses clocks
 225:Core/Src/main.c ****   */
 226:Core/Src/main.c ****   RCC_ClkInitStruct.ClockType = RCC_CLOCKTYPE_HCLK|RCC_CLOCKTYPE_SYSCLK
 227:Core/Src/main.c ****                               |RCC_CLOCKTYPE_PCLK1|RCC_CLOCKTYPE_PCLK2;
 228:Core/Src/main.c ****   RCC_ClkInitStruct.SYSCLKSource = RCC_SYSCLKSOURCE_PLLCLK;
 229:Core/Src/main.c ****   RCC_ClkInitStruct.AHBCLKDivider = RCC_SYSCLK_DIV1;
 230:Core/Src/main.c ****   RCC_ClkInitStruct.APB1CLKDivider = RCC_HCLK_DIV2;
 231:Core/Src/main.c ****   RCC_ClkInitStruct.APB2CLKDivider = RCC_HCLK_DIV1;
 232:Core/Src/main.c **** 
 233:Core/Src/main.c ****   if (HAL_RCC_ClockConfig(&RCC_ClkInitStruct, FLASH_LATENCY_2) != HAL_OK)
 234:Core/Src/main.c ****   {
 235:Core/Src/main.c ****     Error_Handler();
 236:Core/Src/main.c ****   }
 237:Core/Src/main.c **** }
 238:Core/Src/main.c **** 
 239:Core/Src/main.c **** /* USER CODE BEGIN 4 */
 240:Core/Src/main.c **** void MPU6050_read_data(void)
 241:Core/Src/main.c **** {
  27              		.loc 1 241 1 view -0
  28              		.cfi_startproc
  29              		@ args = 0, pretend = 0, frame = 24
  30              		@ frame_needed = 0, uses_anonymous_args = 0
  31 0000 30B5     		push	{r4, r5, lr}
  32              	.LCFI0:
  33              		.cfi_def_cfa_offset 12
  34              		.cfi_offset 4, -12
  35              		.cfi_offset 5, -8
  36              		.cfi_offset 14, -4
  37 0002 8BB0     		sub	sp, sp, #44
  38              	.LCFI1:
  39              		.cfi_def_cfa_offset 56
 242:Core/Src/main.c ****   uint8_t readBuffer[14];
  40              		.loc 1 242 3 view .LVU1
 243:Core/Src/main.c ****   uint8_t temp_data[2];
  41              		.loc 1 243 3 view .LVU2
 244:Core/Src/main.c **** 
 245:Core/Src/main.c ****   HAL_I2C_Mem_Read(&hi2c1,MPU6050_Address,MPU6050_Accel_x,1,readBuffer,14,HAL_MAX_DELAY);
ARM GAS  C:\Users\·\AppData\Local\Temp\ccg6e0Ld.s 			page 6


  42              		.loc 1 245 3 view .LVU3
  43 0004 264C     		ldr	r4, .L3
  44 0006 4FF0FF35 		mov	r5, #-1
  45 000a 0295     		str	r5, [sp, #8]
  46 000c 0E23     		movs	r3, #14
  47 000e 0193     		str	r3, [sp, #4]
  48 0010 06AB     		add	r3, sp, #24
  49 0012 0093     		str	r3, [sp]
  50 0014 0123     		movs	r3, #1
  51 0016 3B22     		movs	r2, #59
  52 0018 D021     		movs	r1, #208
  53 001a 2046     		mov	r0, r4
  54 001c FFF7FEFF 		bl	HAL_I2C_Mem_Read
  55              	.LVL0:
 246:Core/Src/main.c ****   HAL_I2C_Mem_Read(&hi2c1,MPU6050_Address,MPU6050_Temp,1,temp_data,2,HAL_MAX_DELAY);
  56              		.loc 1 246 3 view .LVU4
  57 0020 0295     		str	r5, [sp, #8]
  58 0022 0223     		movs	r3, #2
  59 0024 0193     		str	r3, [sp, #4]
  60 0026 05AB     		add	r3, sp, #20
  61 0028 0093     		str	r3, [sp]
  62 002a 0123     		movs	r3, #1
  63 002c 2F22     		movs	r2, #47
  64 002e D021     		movs	r1, #208
  65 0030 2046     		mov	r0, r4
  66 0032 FFF7FEFF 		bl	HAL_I2C_Mem_Read
  67              	.LVL1:
 247:Core/Src/main.c ****   
 248:Core/Src/main.c ****   MPU6050_Data.accel_x = (readBuffer[0] << 8) | readBuffer[1];
  68              		.loc 1 248 3 view .LVU5
  69              		.loc 1 248 37 is_stmt 0 view .LVU6
  70 0036 9DF81830 		ldrb	r3, [sp, #24]	@ zero_extendqisi2
  71              		.loc 1 248 59 view .LVU7
  72 003a 9DF81920 		ldrb	r2, [sp, #25]	@ zero_extendqisi2
  73              		.loc 1 248 47 view .LVU8
  74 003e 42EA0322 		orr	r2, r2, r3, lsl #8
  75              		.loc 1 248 24 view .LVU9
  76 0042 184B     		ldr	r3, .L3+4
  77 0044 1A80     		strh	r2, [r3]	@ movhi
 249:Core/Src/main.c ****   MPU6050_Data.accel_y = (readBuffer[2] << 8) | readBuffer[3];
  78              		.loc 1 249 3 is_stmt 1 view .LVU10
  79              		.loc 1 249 37 is_stmt 0 view .LVU11
  80 0046 9DF81A10 		ldrb	r1, [sp, #26]	@ zero_extendqisi2
  81              		.loc 1 249 59 view .LVU12
  82 004a 9DF81B20 		ldrb	r2, [sp, #27]	@ zero_extendqisi2
  83              		.loc 1 249 47 view .LVU13
  84 004e 42EA0122 		orr	r2, r2, r1, lsl #8
  85              		.loc 1 249 24 view .LVU14
  86 0052 5A80     		strh	r2, [r3, #2]	@ movhi
 250:Core/Src/main.c ****   MPU6050_Data.accel_z = (readBuffer[4] << 8) | readBuffer[5];
  87              		.loc 1 250 3 is_stmt 1 view .LVU15
  88              		.loc 1 250 37 is_stmt 0 view .LVU16
  89 0054 9DF81C10 		ldrb	r1, [sp, #28]	@ zero_extendqisi2
  90              		.loc 1 250 59 view .LVU17
  91 0058 9DF81D20 		ldrb	r2, [sp, #29]	@ zero_extendqisi2
  92              		.loc 1 250 47 view .LVU18
  93 005c 42EA0122 		orr	r2, r2, r1, lsl #8
ARM GAS  C:\Users\·\AppData\Local\Temp\ccg6e0Ld.s 			page 7


  94              		.loc 1 250 24 view .LVU19
  95 0060 9A80     		strh	r2, [r3, #4]	@ movhi
 251:Core/Src/main.c ****   MPU6050_Data.gyro_x = (readBuffer[8] << 8) | readBuffer[9];
  96              		.loc 1 251 3 is_stmt 1 view .LVU20
  97              		.loc 1 251 36 is_stmt 0 view .LVU21
  98 0062 9DF82010 		ldrb	r1, [sp, #32]	@ zero_extendqisi2
  99              		.loc 1 251 58 view .LVU22
 100 0066 9DF82120 		ldrb	r2, [sp, #33]	@ zero_extendqisi2
 101              		.loc 1 251 46 view .LVU23
 102 006a 42EA0122 		orr	r2, r2, r1, lsl #8
 103              		.loc 1 251 23 view .LVU24
 104 006e DA80     		strh	r2, [r3, #6]	@ movhi
 252:Core/Src/main.c ****   MPU6050_Data.gyro_y = (readBuffer[10] << 8) | readBuffer[11];
 105              		.loc 1 252 3 is_stmt 1 view .LVU25
 106              		.loc 1 252 36 is_stmt 0 view .LVU26
 107 0070 9DF82210 		ldrb	r1, [sp, #34]	@ zero_extendqisi2
 108              		.loc 1 252 59 view .LVU27
 109 0074 9DF82320 		ldrb	r2, [sp, #35]	@ zero_extendqisi2
 110              		.loc 1 252 47 view .LVU28
 111 0078 42EA0122 		orr	r2, r2, r1, lsl #8
 112              		.loc 1 252 23 view .LVU29
 113 007c 1A81     		strh	r2, [r3, #8]	@ movhi
 253:Core/Src/main.c ****   MPU6050_Data.gyro_z = (readBuffer[12] << 8) | readBuffer[13];
 114              		.loc 1 253 3 is_stmt 1 view .LVU30
 115              		.loc 1 253 36 is_stmt 0 view .LVU31
 116 007e 9DF82410 		ldrb	r1, [sp, #36]	@ zero_extendqisi2
 117              		.loc 1 253 59 view .LVU32
 118 0082 9DF82520 		ldrb	r2, [sp, #37]	@ zero_extendqisi2
 119              		.loc 1 253 47 view .LVU33
 120 0086 42EA0122 		orr	r2, r2, r1, lsl #8
 121              		.loc 1 253 23 view .LVU34
 122 008a 5A81     		strh	r2, [r3, #10]	@ movhi
 254:Core/Src/main.c ****   MPU6050_Data.temperature = (temp_data[0] << 8) | temp_data[1];
 123              		.loc 1 254 3 is_stmt 1 view .LVU35
 124              		.loc 1 254 40 is_stmt 0 view .LVU36
 125 008c 9DF81410 		ldrb	r1, [sp, #20]	@ zero_extendqisi2
 126              		.loc 1 254 61 view .LVU37
 127 0090 9DF81520 		ldrb	r2, [sp, #21]	@ zero_extendqisi2
 128              		.loc 1 254 50 view .LVU38
 129 0094 42EA0122 		orr	r2, r2, r1, lsl #8
 130              		.loc 1 254 28 view .LVU39
 131 0098 5A82     		strh	r2, [r3, #18]	@ movhi
 255:Core/Src/main.c **** }
 132              		.loc 1 255 1 view .LVU40
 133 009a 0BB0     		add	sp, sp, #44
 134              	.LCFI2:
 135              		.cfi_def_cfa_offset 12
 136              		@ sp needed
 137 009c 30BD     		pop	{r4, r5, pc}
 138              	.L4:
 139 009e 00BF     		.align	2
 140              	.L3:
 141 00a0 00000000 		.word	hi2c1
 142 00a4 00000000 		.word	MPU6050_Data
 143              		.cfi_endproc
 144              	.LFE67:
 146              		.section	.text.MPU6050_Init,"ax",%progbits
ARM GAS  C:\Users\·\AppData\Local\Temp\ccg6e0Ld.s 			page 8


 147              		.align	1
 148              		.global	MPU6050_Init
 149              		.syntax unified
 150              		.thumb
 151              		.thumb_func
 153              	MPU6050_Init:
 154              	.LFB68:
 256:Core/Src/main.c **** 
 257:Core/Src/main.c **** void MPU6050_Init(void)
 258:Core/Src/main.c **** {
 155              		.loc 1 258 1 is_stmt 1 view -0
 156              		.cfi_startproc
 157              		@ args = 0, pretend = 0, frame = 8
 158              		@ frame_needed = 0, uses_anonymous_args = 0
 159 0000 F0B5     		push	{r4, r5, r6, r7, lr}
 160              	.LCFI3:
 161              		.cfi_def_cfa_offset 20
 162              		.cfi_offset 4, -20
 163              		.cfi_offset 5, -16
 164              		.cfi_offset 6, -12
 165              		.cfi_offset 7, -8
 166              		.cfi_offset 14, -4
 167 0002 87B0     		sub	sp, sp, #28
 168              	.LCFI4:
 169              		.cfi_def_cfa_offset 48
 259:Core/Src/main.c ****   uint8_t Data;
 170              		.loc 1 259 3 view .LVU42
 260:Core/Src/main.c ****   uint8_t check;
 171              		.loc 1 260 3 view .LVU43
 261:Core/Src/main.c **** 
 262:Core/Src/main.c ****   HAL_I2C_Mem_Read(&hi2c1,MPU6050_Address,MPU6050_WHO_I_AM,1,&check,1,HAL_MAX_DELAY);
 172              		.loc 1 262 3 view .LVU44
 173 0004 4FF0FF33 		mov	r3, #-1
 174 0008 0293     		str	r3, [sp, #8]
 175 000a 0123     		movs	r3, #1
 176 000c 0193     		str	r3, [sp, #4]
 177 000e 0DF11602 		add	r2, sp, #22
 178 0012 0092     		str	r2, [sp]
 179 0014 7522     		movs	r2, #117
 180 0016 D021     		movs	r1, #208
 181 0018 1948     		ldr	r0, .L9
 182 001a FFF7FEFF 		bl	HAL_I2C_Mem_Read
 183              	.LVL2:
 263:Core/Src/main.c ****   if (check == MPU6050_Address)
 184              		.loc 1 263 3 view .LVU45
 185              		.loc 1 263 13 is_stmt 0 view .LVU46
 186 001e 9DF81630 		ldrb	r3, [sp, #22]	@ zero_extendqisi2
 187              		.loc 1 263 6 view .LVU47
 188 0022 D02B     		cmp	r3, #208
 189 0024 01D0     		beq	.L8
 190              	.L5:
 264:Core/Src/main.c ****   {
 265:Core/Src/main.c ****     Data = 0x00;//唤醒mpu6050
 266:Core/Src/main.c ****     HAL_I2C_Mem_Write(&hi2c1,MPU6050_Address,0x6b,1,&Data,1,HAL_MAX_DELAY);
 267:Core/Src/main.c **** 
 268:Core/Src/main.c ****     Data = 0x08;//角度寄存器，地址：0x1b
 269:Core/Src/main.c ****     HAL_I2C_Mem_Write(&hi2c1,MPU6050_Address,0x1b,1,&Data,1,HAL_MAX_DELAY);
ARM GAS  C:\Users\·\AppData\Local\Temp\ccg6e0Ld.s 			page 9


 270:Core/Src/main.c **** 
 271:Core/Src/main.c ****     Data = 0x10;//加速度寄存器，地址：0x1c
 272:Core/Src/main.c ****     HAL_I2C_Mem_Write(&hi2c1,MPU6050_Address,0x1c,1,&Data,1,HAL_MAX_DELAY);
 273:Core/Src/main.c ****   }
 274:Core/Src/main.c ****   
 275:Core/Src/main.c **** }
 191              		.loc 1 275 1 view .LVU48
 192 0026 07B0     		add	sp, sp, #28
 193              	.LCFI5:
 194              		.cfi_remember_state
 195              		.cfi_def_cfa_offset 20
 196              		@ sp needed
 197 0028 F0BD     		pop	{r4, r5, r6, r7, pc}
 198              	.L8:
 199              	.LCFI6:
 200              		.cfi_restore_state
 265:Core/Src/main.c ****     HAL_I2C_Mem_Write(&hi2c1,MPU6050_Address,0x6b,1,&Data,1,HAL_MAX_DELAY);
 201              		.loc 1 265 5 is_stmt 1 view .LVU49
 265:Core/Src/main.c ****     HAL_I2C_Mem_Write(&hi2c1,MPU6050_Address,0x6b,1,&Data,1,HAL_MAX_DELAY);
 202              		.loc 1 265 10 is_stmt 0 view .LVU50
 203 002a 0023     		movs	r3, #0
 204 002c 8DF81730 		strb	r3, [sp, #23]
 266:Core/Src/main.c **** 
 205              		.loc 1 266 5 is_stmt 1 view .LVU51
 206 0030 134D     		ldr	r5, .L9
 207 0032 4FF0FF37 		mov	r7, #-1
 208 0036 0297     		str	r7, [sp, #8]
 209 0038 0124     		movs	r4, #1
 210 003a 0194     		str	r4, [sp, #4]
 211 003c 0DF11706 		add	r6, sp, #23
 212 0040 0096     		str	r6, [sp]
 213 0042 2346     		mov	r3, r4
 214 0044 6B22     		movs	r2, #107
 215 0046 D021     		movs	r1, #208
 216 0048 2846     		mov	r0, r5
 217 004a FFF7FEFF 		bl	HAL_I2C_Mem_Write
 218              	.LVL3:
 268:Core/Src/main.c ****     HAL_I2C_Mem_Write(&hi2c1,MPU6050_Address,0x1b,1,&Data,1,HAL_MAX_DELAY);
 219              		.loc 1 268 5 view .LVU52
 268:Core/Src/main.c ****     HAL_I2C_Mem_Write(&hi2c1,MPU6050_Address,0x1b,1,&Data,1,HAL_MAX_DELAY);
 220              		.loc 1 268 10 is_stmt 0 view .LVU53
 221 004e 0823     		movs	r3, #8
 222 0050 8DF81730 		strb	r3, [sp, #23]
 269:Core/Src/main.c **** 
 223              		.loc 1 269 5 is_stmt 1 view .LVU54
 224 0054 0297     		str	r7, [sp, #8]
 225 0056 0194     		str	r4, [sp, #4]
 226 0058 0096     		str	r6, [sp]
 227 005a 2346     		mov	r3, r4
 228 005c 1B22     		movs	r2, #27
 229 005e D021     		movs	r1, #208
 230 0060 2846     		mov	r0, r5
 231 0062 FFF7FEFF 		bl	HAL_I2C_Mem_Write
 232              	.LVL4:
 271:Core/Src/main.c ****     HAL_I2C_Mem_Write(&hi2c1,MPU6050_Address,0x1c,1,&Data,1,HAL_MAX_DELAY);
 233              		.loc 1 271 5 view .LVU55
 271:Core/Src/main.c ****     HAL_I2C_Mem_Write(&hi2c1,MPU6050_Address,0x1c,1,&Data,1,HAL_MAX_DELAY);
ARM GAS  C:\Users\·\AppData\Local\Temp\ccg6e0Ld.s 			page 10


 234              		.loc 1 271 10 is_stmt 0 view .LVU56
 235 0066 1023     		movs	r3, #16
 236 0068 8DF81730 		strb	r3, [sp, #23]
 272:Core/Src/main.c ****   }
 237              		.loc 1 272 5 is_stmt 1 view .LVU57
 238 006c 0297     		str	r7, [sp, #8]
 239 006e 0194     		str	r4, [sp, #4]
 240 0070 0096     		str	r6, [sp]
 241 0072 2346     		mov	r3, r4
 242 0074 1C22     		movs	r2, #28
 243 0076 D021     		movs	r1, #208
 244 0078 2846     		mov	r0, r5
 245 007a FFF7FEFF 		bl	HAL_I2C_Mem_Write
 246              	.LVL5:
 247              		.loc 1 275 1 is_stmt 0 view .LVU58
 248 007e D2E7     		b	.L5
 249              	.L10:
 250              		.align	2
 251              	.L9:
 252 0080 00000000 		.word	hi2c1
 253              		.cfi_endproc
 254              	.LFE68:
 256              		.global	__aeabi_i2f
 257              		.global	__aeabi_fdiv
 258              		.global	__aeabi_fadd
 259              		.global	__aeabi_fsub
 260              		.section	.text.convertGyroData,"ax",%progbits
 261              		.align	1
 262              		.global	convertGyroData
 263              		.syntax unified
 264              		.thumb
 265              		.thumb_func
 267              	convertGyroData:
 268              	.LVL6:
 269              	.LFB69:
 276:Core/Src/main.c **** 
 277:Core/Src/main.c **** void convertGyroData(int16_t gx, int16_t gy, int16_t gz, float *gx_dps, float *gy_dps, float *gz_dp
 278:Core/Src/main.c **** {
 270              		.loc 1 278 1 is_stmt 1 view -0
 271              		.cfi_startproc
 272              		@ args = 8, pretend = 0, frame = 8
 273              		@ frame_needed = 0, uses_anonymous_args = 0
 274              		.loc 1 278 1 is_stmt 0 view .LVU60
 275 0000 2DE9F04F 		push	{r4, r5, r6, r7, r8, r9, r10, fp, lr}
 276              	.LCFI7:
 277              		.cfi_def_cfa_offset 36
 278              		.cfi_offset 4, -36
 279              		.cfi_offset 5, -32
 280              		.cfi_offset 6, -28
 281              		.cfi_offset 7, -24
 282              		.cfi_offset 8, -20
 283              		.cfi_offset 9, -16
 284              		.cfi_offset 10, -12
 285              		.cfi_offset 11, -8
 286              		.cfi_offset 14, -4
 287 0004 83B0     		sub	sp, sp, #12
 288              	.LCFI8:
ARM GAS  C:\Users\·\AppData\Local\Temp\ccg6e0Ld.s 			page 11


 289              		.cfi_def_cfa_offset 48
 290 0006 0646     		mov	r6, r0
 291 0008 0D46     		mov	r5, r1
 292 000a 1446     		mov	r4, r2
 293 000c 9846     		mov	r8, r3
 279:Core/Src/main.c ****   // 根据MPU6050配置的灵敏度（+-250°/s对应131，+-500°/s对应65.5...）
 280:Core/Src/main.c ****   float gyro_factor = 131.0f;  // 对应±250°/s量程
 294              		.loc 1 280 3 is_stmt 1 view .LVU61
 295              	.LVL7:
 281:Core/Src/main.c ****   
 282:Core/Src/main.c ****   // 去除零偏（理想情况下应该通过校准获得）
 283:Core/Src/main.c ****   static float gyro_x_offset = 0;
 296              		.loc 1 283 3 view .LVU62
 284:Core/Src/main.c ****   static float gyro_y_offset = 0;
 297              		.loc 1 284 3 view .LVU63
 285:Core/Src/main.c ****   static float gyro_z_offset = 0;
 298              		.loc 1 285 3 view .LVU64
 286:Core/Src/main.c ****   
 287:Core/Src/main.c ****   // 第一次调用时计算零偏（或者可以实现更复杂的校准程序）
 288:Core/Src/main.c ****   static int calibration_counter = 0;
 299              		.loc 1 288 3 view .LVU65
 289:Core/Src/main.c ****   if (calibration_counter < 100) 
 300              		.loc 1 289 3 view .LVU66
 301              		.loc 1 289 27 is_stmt 0 view .LVU67
 302 000e 3C4B     		ldr	r3, .L16
 303              	.LVL8:
 304              		.loc 1 289 27 view .LVU68
 305 0010 1F68     		ldr	r7, [r3]
 306              		.loc 1 289 6 view .LVU69
 307 0012 632F     		cmp	r7, #99
 308 0014 39DC     		bgt	.L12
 290:Core/Src/main.c ****   {
 291:Core/Src/main.c ****     if (calibration_counter == 0) 
 309              		.loc 1 291 5 is_stmt 1 view .LVU70
 310              		.loc 1 291 8 is_stmt 0 view .LVU71
 311 0016 37B9     		cbnz	r7, .L13
 292:Core/Src/main.c ****     {
 293:Core/Src/main.c ****       gyro_x_offset = 0;
 312              		.loc 1 293 7 is_stmt 1 view .LVU72
 313              		.loc 1 293 21 is_stmt 0 view .LVU73
 314 0018 0023     		movs	r3, #0
 315 001a 3A4A     		ldr	r2, .L16+4
 316              	.LVL9:
 317              		.loc 1 293 21 view .LVU74
 318 001c 1360     		str	r3, [r2]	@ float
 294:Core/Src/main.c ****       gyro_y_offset = 0;
 319              		.loc 1 294 7 is_stmt 1 view .LVU75
 320              		.loc 1 294 21 is_stmt 0 view .LVU76
 321 001e 3A4A     		ldr	r2, .L16+8
 322 0020 1360     		str	r3, [r2]	@ float
 295:Core/Src/main.c ****       gyro_z_offset = 0;
 323              		.loc 1 295 7 is_stmt 1 view .LVU77
 324              		.loc 1 295 21 is_stmt 0 view .LVU78
 325 0022 3A4A     		ldr	r2, .L16+12
 326 0024 1360     		str	r3, [r2]	@ float
 327              	.L13:
 296:Core/Src/main.c ****     }
ARM GAS  C:\Users\·\AppData\Local\Temp\ccg6e0Ld.s 			page 12


 297:Core/Src/main.c ****     gyro_x_offset += gx / gyro_factor;
 328              		.loc 1 297 5 is_stmt 1 view .LVU79
 329              		.loc 1 297 25 is_stmt 0 view .LVU80
 330 0026 3046     		mov	r0, r6
 331              	.LVL10:
 332              		.loc 1 297 25 view .LVU81
 333 0028 FFF7FEFF 		bl	__aeabi_i2f
 334              	.LVL11:
 335              		.loc 1 297 25 view .LVU82
 336 002c 3849     		ldr	r1, .L16+16
 337 002e FFF7FEFF 		bl	__aeabi_fdiv
 338              	.LVL12:
 339              		.loc 1 297 19 view .LVU83
 340 0032 DFF8D090 		ldr	r9, .L16+4
 341 0036 D9F80010 		ldr	r1, [r9]	@ float
 342 003a FFF7FEFF 		bl	__aeabi_fadd
 343              	.LVL13:
 344 003e 8246     		mov	r10, r0
 345 0040 C9F80000 		str	r0, [r9]	@ float
 298:Core/Src/main.c ****     gyro_y_offset += gy / gyro_factor;
 346              		.loc 1 298 5 is_stmt 1 view .LVU84
 347              		.loc 1 298 25 is_stmt 0 view .LVU85
 348 0044 2846     		mov	r0, r5
 349 0046 FFF7FEFF 		bl	__aeabi_i2f
 350              	.LVL14:
 351 004a 3149     		ldr	r1, .L16+16
 352 004c FFF7FEFF 		bl	__aeabi_fdiv
 353              	.LVL15:
 354              		.loc 1 298 19 view .LVU86
 355 0050 DFF8B4B0 		ldr	fp, .L16+8
 356 0054 DBF80010 		ldr	r1, [fp]	@ float
 357 0058 FFF7FEFF 		bl	__aeabi_fadd
 358              	.LVL16:
 359 005c 8146     		mov	r9, r0
 360 005e CBF80000 		str	r0, [fp]	@ float
 299:Core/Src/main.c ****     gyro_z_offset += gz / gyro_factor;
 361              		.loc 1 299 5 is_stmt 1 view .LVU87
 362              		.loc 1 299 25 is_stmt 0 view .LVU88
 363 0062 2046     		mov	r0, r4
 364 0064 FFF7FEFF 		bl	__aeabi_i2f
 365              	.LVL17:
 366 0068 2949     		ldr	r1, .L16+16
 367 006a FFF7FEFF 		bl	__aeabi_fdiv
 368              	.LVL18:
 369              		.loc 1 299 19 view .LVU89
 370 006e DFF89CB0 		ldr	fp, .L16+12
 371 0072 DBF80010 		ldr	r1, [fp]	@ float
 372 0076 FFF7FEFF 		bl	__aeabi_fadd
 373              	.LVL19:
 374 007a 0190     		str	r0, [sp, #4]	@ float
 375 007c CBF80000 		str	r0, [fp]	@ float
 300:Core/Src/main.c ****     
 301:Core/Src/main.c ****     calibration_counter++;
 376              		.loc 1 301 5 is_stmt 1 view .LVU90
 377              		.loc 1 301 24 is_stmt 0 view .LVU91
 378 0080 0137     		adds	r7, r7, #1
 379 0082 1F4B     		ldr	r3, .L16
ARM GAS  C:\Users\·\AppData\Local\Temp\ccg6e0Ld.s 			page 13


 380 0084 1F60     		str	r7, [r3]
 302:Core/Src/main.c ****     if (calibration_counter == 100) 
 381              		.loc 1 302 5 is_stmt 1 view .LVU92
 382              		.loc 1 302 8 is_stmt 0 view .LVU93
 383 0086 642F     		cmp	r7, #100
 384 0088 26D0     		beq	.L15
 385              	.L12:
 303:Core/Src/main.c ****     {
 304:Core/Src/main.c ****       gyro_x_offset /= 100;
 305:Core/Src/main.c ****       gyro_y_offset /= 100;
 306:Core/Src/main.c ****       gyro_z_offset /= 100;
 307:Core/Src/main.c ****     }
 308:Core/Src/main.c ****   }
 309:Core/Src/main.c ****   
 310:Core/Src/main.c ****   // 转换为度/秒并去除零偏
 311:Core/Src/main.c ****   *gx_dps = gx / gyro_factor - gyro_x_offset;
 386              		.loc 1 311 3 is_stmt 1 view .LVU94
 387              		.loc 1 311 16 is_stmt 0 view .LVU95
 388 008a 3046     		mov	r0, r6
 389 008c FFF7FEFF 		bl	__aeabi_i2f
 390              	.LVL20:
 391 0090 1F49     		ldr	r1, .L16+16
 392 0092 FFF7FEFF 		bl	__aeabi_fdiv
 393              	.LVL21:
 394              		.loc 1 311 30 view .LVU96
 395 0096 1B4B     		ldr	r3, .L16+4
 396 0098 1968     		ldr	r1, [r3]	@ float
 397 009a FFF7FEFF 		bl	__aeabi_fsub
 398              	.LVL22:
 399              		.loc 1 311 11 view .LVU97
 400 009e C8F80000 		str	r0, [r8]	@ float
 312:Core/Src/main.c ****   *gy_dps = gy / gyro_factor - gyro_y_offset;
 401              		.loc 1 312 3 is_stmt 1 view .LVU98
 402              		.loc 1 312 16 is_stmt 0 view .LVU99
 403 00a2 2846     		mov	r0, r5
 404 00a4 FFF7FEFF 		bl	__aeabi_i2f
 405              	.LVL23:
 406 00a8 1949     		ldr	r1, .L16+16
 407 00aa FFF7FEFF 		bl	__aeabi_fdiv
 408              	.LVL24:
 409              		.loc 1 312 30 view .LVU100
 410 00ae 164B     		ldr	r3, .L16+8
 411 00b0 1968     		ldr	r1, [r3]	@ float
 412 00b2 FFF7FEFF 		bl	__aeabi_fsub
 413              	.LVL25:
 414              		.loc 1 312 11 view .LVU101
 415 00b6 0C9B     		ldr	r3, [sp, #48]
 416 00b8 1860     		str	r0, [r3]	@ float
 313:Core/Src/main.c ****   *gz_dps = gz / gyro_factor - gyro_z_offset;
 417              		.loc 1 313 3 is_stmt 1 view .LVU102
 418              		.loc 1 313 16 is_stmt 0 view .LVU103
 419 00ba 2046     		mov	r0, r4
 420 00bc FFF7FEFF 		bl	__aeabi_i2f
 421              	.LVL26:
 422 00c0 1349     		ldr	r1, .L16+16
 423 00c2 FFF7FEFF 		bl	__aeabi_fdiv
 424              	.LVL27:
ARM GAS  C:\Users\·\AppData\Local\Temp\ccg6e0Ld.s 			page 14


 425              		.loc 1 313 30 view .LVU104
 426 00c6 114B     		ldr	r3, .L16+12
 427 00c8 1968     		ldr	r1, [r3]	@ float
 428 00ca FFF7FEFF 		bl	__aeabi_fsub
 429              	.LVL28:
 430              		.loc 1 313 11 view .LVU105
 431 00ce 0D9B     		ldr	r3, [sp, #52]
 432 00d0 1860     		str	r0, [r3]	@ float
 314:Core/Src/main.c **** }
 433              		.loc 1 314 1 view .LVU106
 434 00d2 03B0     		add	sp, sp, #12
 435              	.LCFI9:
 436              		.cfi_remember_state
 437              		.cfi_def_cfa_offset 36
 438              		@ sp needed
 439 00d4 BDE8F08F 		pop	{r4, r5, r6, r7, r8, r9, r10, fp, pc}
 440              	.LVL29:
 441              	.L15:
 442              	.LCFI10:
 443              		.cfi_restore_state
 304:Core/Src/main.c ****       gyro_y_offset /= 100;
 444              		.loc 1 304 7 is_stmt 1 view .LVU107
 304:Core/Src/main.c ****       gyro_y_offset /= 100;
 445              		.loc 1 304 21 is_stmt 0 view .LVU108
 446 00d8 0E49     		ldr	r1, .L16+20
 447 00da 5046     		mov	r0, r10
 448 00dc FFF7FEFF 		bl	__aeabi_fdiv
 449              	.LVL30:
 450 00e0 084B     		ldr	r3, .L16+4
 451 00e2 1860     		str	r0, [r3]	@ float
 305:Core/Src/main.c ****       gyro_z_offset /= 100;
 452              		.loc 1 305 7 is_stmt 1 view .LVU109
 305:Core/Src/main.c ****       gyro_z_offset /= 100;
 453              		.loc 1 305 21 is_stmt 0 view .LVU110
 454 00e4 0B49     		ldr	r1, .L16+20
 455 00e6 4846     		mov	r0, r9
 456 00e8 FFF7FEFF 		bl	__aeabi_fdiv
 457              	.LVL31:
 458 00ec 064B     		ldr	r3, .L16+8
 459 00ee 1860     		str	r0, [r3]	@ float
 306:Core/Src/main.c ****     }
 460              		.loc 1 306 7 is_stmt 1 view .LVU111
 306:Core/Src/main.c ****     }
 461              		.loc 1 306 21 is_stmt 0 view .LVU112
 462 00f0 0849     		ldr	r1, .L16+20
 463 00f2 0198     		ldr	r0, [sp, #4]	@ float
 464 00f4 FFF7FEFF 		bl	__aeabi_fdiv
 465              	.LVL32:
 466 00f8 CBF80000 		str	r0, [fp]	@ float
 467 00fc C5E7     		b	.L12
 468              	.L17:
 469 00fe 00BF     		.align	2
 470              	.L16:
 471 0100 00000000 		.word	calibration_counter.3
 472 0104 00000000 		.word	gyro_x_offset.2
 473 0108 00000000 		.word	gyro_y_offset.1
 474 010c 00000000 		.word	gyro_z_offset.0
ARM GAS  C:\Users\·\AppData\Local\Temp\ccg6e0Ld.s 			page 15


 475 0110 00000343 		.word	1124270080
 476 0114 0000C842 		.word	1120403456
 477              		.cfi_endproc
 478              	.LFE69:
 480              		.global	__aeabi_fmul
 481              		.global	__aeabi_fcmplt
 482              		.section	.text.InitQuaternion,"ax",%progbits
 483              		.align	1
 484              		.global	InitQuaternion
 485              		.syntax unified
 486              		.thumb
 487              		.thumb_func
 489              	InitQuaternion:
 490              	.LVL33:
 491              	.LFB70:
 315:Core/Src/main.c **** 
 316:Core/Src/main.c **** void InitQuaternion(Quaternion *q) 
 317:Core/Src/main.c **** {
 492              		.loc 1 317 1 is_stmt 1 view -0
 493              		.cfi_startproc
 494              		@ args = 0, pretend = 0, frame = 0
 495              		@ frame_needed = 0, uses_anonymous_args = 0
 496              		.loc 1 317 1 is_stmt 0 view .LVU114
 497 0000 2DE9F843 		push	{r3, r4, r5, r6, r7, r8, r9, lr}
 498              	.LCFI11:
 499              		.cfi_def_cfa_offset 32
 500              		.cfi_offset 3, -32
 501              		.cfi_offset 4, -28
 502              		.cfi_offset 5, -24
 503              		.cfi_offset 6, -20
 504              		.cfi_offset 7, -16
 505              		.cfi_offset 8, -12
 506              		.cfi_offset 9, -8
 507              		.cfi_offset 14, -4
 508 0004 0446     		mov	r4, r0
 318:Core/Src/main.c ****   float norm = sqrtf(q->w * q->w + q->x * q->x + q->y * q->y + q->z * q->z);
 509              		.loc 1 318 3 is_stmt 1 view .LVU115
 510              		.loc 1 318 23 is_stmt 0 view .LVU116
 511 0006 0768     		ldr	r7, [r0]	@ float
 512              		.loc 1 318 27 view .LVU117
 513 0008 3946     		mov	r1, r7
 514 000a 3846     		mov	r0, r7
 515              	.LVL34:
 516              		.loc 1 318 27 view .LVU118
 517 000c FFF7FEFF 		bl	__aeabi_fmul
 518              	.LVL35:
 519 0010 0546     		mov	r5, r0
 520              		.loc 1 318 37 view .LVU119
 521 0012 6668     		ldr	r6, [r4, #4]	@ float
 522              		.loc 1 318 41 view .LVU120
 523 0014 3146     		mov	r1, r6
 524 0016 3046     		mov	r0, r6
 525 0018 FFF7FEFF 		bl	__aeabi_fmul
 526              	.LVL36:
 527 001c 0146     		mov	r1, r0
 528              		.loc 1 318 34 view .LVU121
 529 001e 2846     		mov	r0, r5
ARM GAS  C:\Users\·\AppData\Local\Temp\ccg6e0Ld.s 			page 16


 530 0020 FFF7FEFF 		bl	__aeabi_fadd
 531              	.LVL37:
 532 0024 0546     		mov	r5, r0
 533              		.loc 1 318 51 view .LVU122
 534 0026 D4F80880 		ldr	r8, [r4, #8]	@ float
 535              		.loc 1 318 55 view .LVU123
 536 002a 4146     		mov	r1, r8
 537 002c 4046     		mov	r0, r8
 538 002e FFF7FEFF 		bl	__aeabi_fmul
 539              	.LVL38:
 540 0032 0146     		mov	r1, r0
 541              		.loc 1 318 48 view .LVU124
 542 0034 2846     		mov	r0, r5
 543 0036 FFF7FEFF 		bl	__aeabi_fadd
 544              	.LVL39:
 545 003a 0546     		mov	r5, r0
 546              		.loc 1 318 65 view .LVU125
 547 003c D4F80C90 		ldr	r9, [r4, #12]	@ float
 548              		.loc 1 318 69 view .LVU126
 549 0040 4946     		mov	r1, r9
 550 0042 4846     		mov	r0, r9
 551 0044 FFF7FEFF 		bl	__aeabi_fmul
 552              	.LVL40:
 553 0048 0146     		mov	r1, r0
 554              		.loc 1 318 16 view .LVU127
 555 004a 2846     		mov	r0, r5
 556 004c FFF7FEFF 		bl	__aeabi_fadd
 557              	.LVL41:
 558 0050 FFF7FEFF 		bl	sqrtf
 559              	.LVL42:
 560 0054 0546     		mov	r5, r0
 561              	.LVL43:
 319:Core/Src/main.c ****   if (norm < 1e-6f) 
 562              		.loc 1 319 3 is_stmt 1 view .LVU128
 563              		.loc 1 319 6 is_stmt 0 view .LVU129
 564 0056 1149     		ldr	r1, .L25
 565 0058 FFF7FEFF 		bl	__aeabi_fcmplt
 566              	.LVL44:
 567              		.loc 1 319 6 view .LVU130
 568 005c 40B1     		cbz	r0, .L23
 320:Core/Src/main.c ****   {
 321:Core/Src/main.c ****     q->w = 1.0f;
 569              		.loc 1 321 5 is_stmt 1 view .LVU131
 570              		.loc 1 321 10 is_stmt 0 view .LVU132
 571 005e 4FF07E53 		mov	r3, #1065353216
 572 0062 2360     		str	r3, [r4]	@ float
 322:Core/Src/main.c ****     q->x = q->y = q->z = 0.0f;
 573              		.loc 1 322 5 is_stmt 1 view .LVU133
 574              		.loc 1 322 24 is_stmt 0 view .LVU134
 575 0064 0023     		movs	r3, #0
 576 0066 E360     		str	r3, [r4, #12]	@ float
 577              		.loc 1 322 17 view .LVU135
 578 0068 A360     		str	r3, [r4, #8]	@ float
 579              		.loc 1 322 10 view .LVU136
 580 006a 6360     		str	r3, [r4, #4]	@ float
 581              	.L18:
 323:Core/Src/main.c ****   } 
ARM GAS  C:\Users\·\AppData\Local\Temp\ccg6e0Ld.s 			page 17


 324:Core/Src/main.c ****   else 
 325:Core/Src/main.c ****   {
 326:Core/Src/main.c ****     q->w /= norm;
 327:Core/Src/main.c ****     q->x /= norm;
 328:Core/Src/main.c ****     q->y /= norm;
 329:Core/Src/main.c ****     q->z /= norm;
 330:Core/Src/main.c ****   }
 331:Core/Src/main.c **** }
 582              		.loc 1 331 1 view .LVU137
 583 006c BDE8F883 		pop	{r3, r4, r5, r6, r7, r8, r9, pc}
 584              	.LVL45:
 585              	.L23:
 326:Core/Src/main.c ****     q->x /= norm;
 586              		.loc 1 326 5 is_stmt 1 view .LVU138
 326:Core/Src/main.c ****     q->x /= norm;
 587              		.loc 1 326 10 is_stmt 0 view .LVU139
 588 0070 2946     		mov	r1, r5
 589 0072 3846     		mov	r0, r7
 590 0074 FFF7FEFF 		bl	__aeabi_fdiv
 591              	.LVL46:
 592 0078 2060     		str	r0, [r4]	@ float
 327:Core/Src/main.c ****     q->y /= norm;
 593              		.loc 1 327 5 is_stmt 1 view .LVU140
 327:Core/Src/main.c ****     q->y /= norm;
 594              		.loc 1 327 10 is_stmt 0 view .LVU141
 595 007a 2946     		mov	r1, r5
 596 007c 3046     		mov	r0, r6
 597 007e FFF7FEFF 		bl	__aeabi_fdiv
 598              	.LVL47:
 599 0082 6060     		str	r0, [r4, #4]	@ float
 328:Core/Src/main.c ****     q->z /= norm;
 600              		.loc 1 328 5 is_stmt 1 view .LVU142
 328:Core/Src/main.c ****     q->z /= norm;
 601              		.loc 1 328 10 is_stmt 0 view .LVU143
 602 0084 2946     		mov	r1, r5
 603 0086 4046     		mov	r0, r8
 604 0088 FFF7FEFF 		bl	__aeabi_fdiv
 605              	.LVL48:
 606 008c A060     		str	r0, [r4, #8]	@ float
 329:Core/Src/main.c ****   }
 607              		.loc 1 329 5 is_stmt 1 view .LVU144
 329:Core/Src/main.c ****   }
 608              		.loc 1 329 10 is_stmt 0 view .LVU145
 609 008e 2946     		mov	r1, r5
 610 0090 4846     		mov	r0, r9
 611 0092 FFF7FEFF 		bl	__aeabi_fdiv
 612              	.LVL49:
 613 0096 E060     		str	r0, [r4, #12]	@ float
 614              		.loc 1 331 1 view .LVU146
 615 0098 E8E7     		b	.L18
 616              	.L26:
 617 009a 00BF     		.align	2
 618              	.L25:
 619 009c BD378635 		.word	897988541
 620              		.cfi_endproc
 621              	.LFE70:
 623              		.section	.text.multiplyQuaternions,"ax",%progbits
ARM GAS  C:\Users\·\AppData\Local\Temp\ccg6e0Ld.s 			page 18


 624              		.align	1
 625              		.global	multiplyQuaternions
 626              		.syntax unified
 627              		.thumb
 628              		.thumb_func
 630              	multiplyQuaternions:
 631              	.LVL50:
 632              	.LFB71:
 332:Core/Src/main.c **** 
 333:Core/Src/main.c **** Quaternion multiplyQuaternions(const Quaternion *q1, const Quaternion *q2)//四元数相乘
 334:Core/Src/main.c **** {
 633              		.loc 1 334 1 is_stmt 1 view -0
 634              		.cfi_startproc
 635              		@ args = 0, pretend = 0, frame = 8
 636              		@ frame_needed = 0, uses_anonymous_args = 0
 637              		.loc 1 334 1 is_stmt 0 view .LVU148
 638 0000 2DE9F04F 		push	{r4, r5, r6, r7, r8, r9, r10, fp, lr}
 639              	.LCFI12:
 640              		.cfi_def_cfa_offset 36
 641              		.cfi_offset 4, -36
 642              		.cfi_offset 5, -32
 643              		.cfi_offset 6, -28
 644              		.cfi_offset 7, -24
 645              		.cfi_offset 8, -20
 646              		.cfi_offset 9, -16
 647              		.cfi_offset 10, -12
 648              		.cfi_offset 11, -8
 649              		.cfi_offset 14, -4
 650 0004 83B0     		sub	sp, sp, #12
 651              	.LCFI13:
 652              		.cfi_def_cfa_offset 48
 653 0006 0446     		mov	r4, r0
 654 0008 0E46     		mov	r6, r1
 655 000a 9346     		mov	fp, r2
 335:Core/Src/main.c ****   Quaternion output;
 656              		.loc 1 335 3 is_stmt 1 view .LVU149
 336:Core/Src/main.c ****   output.w = q1->w * q2->w - q1->x * q2->x - q1->y * q2->y - q1->z * q2->z;
 657              		.loc 1 336 3 view .LVU150
 658              		.loc 1 336 16 is_stmt 0 view .LVU151
 659 000c D1F800A0 		ldr	r10, [r1]	@ float
 660              		.loc 1 336 24 view .LVU152
 661 0010 1568     		ldr	r5, [r2]	@ float
 662              		.loc 1 336 20 view .LVU153
 663 0012 2946     		mov	r1, r5
 664              	.LVL51:
 665              		.loc 1 336 20 view .LVU154
 666 0014 5046     		mov	r0, r10
 667              	.LVL52:
 668              		.loc 1 336 20 view .LVU155
 669 0016 FFF7FEFF 		bl	__aeabi_fmul
 670              	.LVL53:
 671              		.loc 1 336 20 view .LVU156
 672 001a 0746     		mov	r7, r0
 673              		.loc 1 336 32 view .LVU157
 674 001c D6F80480 		ldr	r8, [r6, #4]	@ float
 675              		.loc 1 336 40 view .LVU158
 676 0020 DBF80430 		ldr	r3, [fp, #4]	@ float
ARM GAS  C:\Users\·\AppData\Local\Temp\ccg6e0Ld.s 			page 19


 677              		.loc 1 336 36 view .LVU159
 678 0024 0093     		str	r3, [sp]	@ float
 679 0026 1946     		mov	r1, r3
 680 0028 4046     		mov	r0, r8
 681 002a FFF7FEFF 		bl	__aeabi_fmul
 682              	.LVL54:
 683 002e 0146     		mov	r1, r0
 684              		.loc 1 336 28 view .LVU160
 685 0030 3846     		mov	r0, r7
 686 0032 FFF7FEFF 		bl	__aeabi_fsub
 687              	.LVL55:
 688 0036 0190     		str	r0, [sp, #4]	@ float
 689              		.loc 1 336 48 view .LVU161
 690 0038 B768     		ldr	r7, [r6, #8]	@ float
 691              		.loc 1 336 56 view .LVU162
 692 003a DBF80890 		ldr	r9, [fp, #8]	@ float
 693              		.loc 1 336 52 view .LVU163
 694 003e 4946     		mov	r1, r9
 695 0040 3846     		mov	r0, r7
 696 0042 FFF7FEFF 		bl	__aeabi_fmul
 697              	.LVL56:
 698 0046 0146     		mov	r1, r0
 699              		.loc 1 336 44 view .LVU164
 700 0048 0198     		ldr	r0, [sp, #4]	@ float
 701 004a FFF7FEFF 		bl	__aeabi_fsub
 702              	.LVL57:
 703 004e 0190     		str	r0, [sp, #4]	@ float
 704              		.loc 1 336 64 view .LVU165
 705 0050 F668     		ldr	r6, [r6, #12]	@ float
 706              	.LVL58:
 707              		.loc 1 336 72 view .LVU166
 708 0052 DBF80CB0 		ldr	fp, [fp, #12]	@ float
 709              	.LVL59:
 710              		.loc 1 336 68 view .LVU167
 711 0056 5946     		mov	r1, fp
 712 0058 3046     		mov	r0, r6
 713 005a FFF7FEFF 		bl	__aeabi_fmul
 714              	.LVL60:
 715 005e 0146     		mov	r1, r0
 716              		.loc 1 336 60 view .LVU168
 717 0060 0198     		ldr	r0, [sp, #4]	@ float
 718 0062 FFF7FEFF 		bl	__aeabi_fsub
 719              	.LVL61:
 720              		.loc 1 336 12 view .LVU169
 721 0066 2060     		str	r0, [r4]	@ float
 337:Core/Src/main.c ****   output.x = q1->w * q2->x + q1->x * q2->w + q1->y * q2->z - q1->z * q2->y;
 722              		.loc 1 337 3 is_stmt 1 view .LVU170
 723              		.loc 1 337 20 is_stmt 0 view .LVU171
 724 0068 0099     		ldr	r1, [sp]	@ float
 725 006a 5046     		mov	r0, r10
 726 006c FFF7FEFF 		bl	__aeabi_fmul
 727              	.LVL62:
 728 0070 0190     		str	r0, [sp, #4]	@ float
 729              		.loc 1 337 36 view .LVU172
 730 0072 4146     		mov	r1, r8
 731 0074 2846     		mov	r0, r5
 732 0076 FFF7FEFF 		bl	__aeabi_fmul
ARM GAS  C:\Users\·\AppData\Local\Temp\ccg6e0Ld.s 			page 20


 733              	.LVL63:
 734 007a 0146     		mov	r1, r0
 735              		.loc 1 337 28 view .LVU173
 736 007c 0198     		ldr	r0, [sp, #4]	@ float
 737 007e FFF7FEFF 		bl	__aeabi_fadd
 738              	.LVL64:
 739 0082 0190     		str	r0, [sp, #4]	@ float
 740              		.loc 1 337 52 view .LVU174
 741 0084 5946     		mov	r1, fp
 742 0086 3846     		mov	r0, r7
 743 0088 FFF7FEFF 		bl	__aeabi_fmul
 744              	.LVL65:
 745 008c 0146     		mov	r1, r0
 746              		.loc 1 337 44 view .LVU175
 747 008e 0198     		ldr	r0, [sp, #4]	@ float
 748 0090 FFF7FEFF 		bl	__aeabi_fadd
 749              	.LVL66:
 750 0094 0190     		str	r0, [sp, #4]	@ float
 751              		.loc 1 337 68 view .LVU176
 752 0096 3146     		mov	r1, r6
 753 0098 4846     		mov	r0, r9
 754 009a FFF7FEFF 		bl	__aeabi_fmul
 755              	.LVL67:
 756 009e 0146     		mov	r1, r0
 757              		.loc 1 337 60 view .LVU177
 758 00a0 0198     		ldr	r0, [sp, #4]	@ float
 759 00a2 FFF7FEFF 		bl	__aeabi_fsub
 760              	.LVL68:
 761              		.loc 1 337 12 view .LVU178
 762 00a6 6060     		str	r0, [r4, #4]	@ float
 338:Core/Src/main.c ****   output.y = q1->w * q2->y - q1->x * q2->z + q1->y * q2->w + q1->z * q2->x;
 763              		.loc 1 338 3 is_stmt 1 view .LVU179
 764              		.loc 1 338 20 is_stmt 0 view .LVU180
 765 00a8 4946     		mov	r1, r9
 766 00aa 5046     		mov	r0, r10
 767 00ac FFF7FEFF 		bl	__aeabi_fmul
 768              	.LVL69:
 769 00b0 0190     		str	r0, [sp, #4]	@ float
 770              		.loc 1 338 36 view .LVU181
 771 00b2 5946     		mov	r1, fp
 772 00b4 4046     		mov	r0, r8
 773 00b6 FFF7FEFF 		bl	__aeabi_fmul
 774              	.LVL70:
 775 00ba 0146     		mov	r1, r0
 776              		.loc 1 338 28 view .LVU182
 777 00bc 0198     		ldr	r0, [sp, #4]	@ float
 778 00be FFF7FEFF 		bl	__aeabi_fsub
 779              	.LVL71:
 780 00c2 0190     		str	r0, [sp, #4]	@ float
 781              		.loc 1 338 52 view .LVU183
 782 00c4 3946     		mov	r1, r7
 783 00c6 2846     		mov	r0, r5
 784 00c8 FFF7FEFF 		bl	__aeabi_fmul
 785              	.LVL72:
 786 00cc 0146     		mov	r1, r0
 787              		.loc 1 338 44 view .LVU184
 788 00ce 0198     		ldr	r0, [sp, #4]	@ float
ARM GAS  C:\Users\·\AppData\Local\Temp\ccg6e0Ld.s 			page 21


 789 00d0 FFF7FEFF 		bl	__aeabi_fadd
 790              	.LVL73:
 791 00d4 0190     		str	r0, [sp, #4]	@ float
 792              		.loc 1 338 68 view .LVU185
 793 00d6 3146     		mov	r1, r6
 794 00d8 0098     		ldr	r0, [sp]	@ float
 795 00da FFF7FEFF 		bl	__aeabi_fmul
 796              	.LVL74:
 797 00de 0146     		mov	r1, r0
 798              		.loc 1 338 60 view .LVU186
 799 00e0 0198     		ldr	r0, [sp, #4]	@ float
 800 00e2 FFF7FEFF 		bl	__aeabi_fadd
 801              	.LVL75:
 802              		.loc 1 338 12 view .LVU187
 803 00e6 A060     		str	r0, [r4, #8]	@ float
 339:Core/Src/main.c ****   output.z = q1->w * q2->z + q1->x * q2->y - q1->y * q2->x + q1->z * q2->w;
 804              		.loc 1 339 3 is_stmt 1 view .LVU188
 805              		.loc 1 339 20 is_stmt 0 view .LVU189
 806 00e8 5946     		mov	r1, fp
 807 00ea 5046     		mov	r0, r10
 808 00ec FFF7FEFF 		bl	__aeabi_fmul
 809              	.LVL76:
 810 00f0 8246     		mov	r10, r0
 811              		.loc 1 339 36 view .LVU190
 812 00f2 4946     		mov	r1, r9
 813 00f4 4046     		mov	r0, r8
 814 00f6 FFF7FEFF 		bl	__aeabi_fmul
 815              	.LVL77:
 816 00fa 0146     		mov	r1, r0
 817              		.loc 1 339 28 view .LVU191
 818 00fc 5046     		mov	r0, r10
 819 00fe FFF7FEFF 		bl	__aeabi_fadd
 820              	.LVL78:
 821 0102 8046     		mov	r8, r0
 822              		.loc 1 339 52 view .LVU192
 823 0104 3946     		mov	r1, r7
 824 0106 0098     		ldr	r0, [sp]	@ float
 825 0108 FFF7FEFF 		bl	__aeabi_fmul
 826              	.LVL79:
 827 010c 0146     		mov	r1, r0
 828              		.loc 1 339 44 view .LVU193
 829 010e 4046     		mov	r0, r8
 830 0110 FFF7FEFF 		bl	__aeabi_fsub
 831              	.LVL80:
 832 0114 0746     		mov	r7, r0
 833              		.loc 1 339 68 view .LVU194
 834 0116 3146     		mov	r1, r6
 835 0118 2846     		mov	r0, r5
 836 011a FFF7FEFF 		bl	__aeabi_fmul
 837              	.LVL81:
 838 011e 0146     		mov	r1, r0
 839              		.loc 1 339 60 view .LVU195
 840 0120 3846     		mov	r0, r7
 841 0122 FFF7FEFF 		bl	__aeabi_fadd
 842              	.LVL82:
 843              		.loc 1 339 12 view .LVU196
 844 0126 E060     		str	r0, [r4, #12]	@ float
ARM GAS  C:\Users\·\AppData\Local\Temp\ccg6e0Ld.s 			page 22


 340:Core/Src/main.c ****   return output;
 845              		.loc 1 340 3 is_stmt 1 view .LVU197
 341:Core/Src/main.c **** }
 846              		.loc 1 341 1 is_stmt 0 view .LVU198
 847 0128 2046     		mov	r0, r4
 848 012a 03B0     		add	sp, sp, #12
 849              	.LCFI14:
 850              		.cfi_def_cfa_offset 36
 851              		@ sp needed
 852 012c BDE8F08F 		pop	{r4, r5, r6, r7, r8, r9, r10, fp, pc}
 853              		.loc 1 341 1 view .LVU199
 854              		.cfi_endproc
 855              	.LFE71:
 857              		.global	__aeabi_f2d
 858              		.global	__aeabi_dmul
 859              		.global	__aeabi_ddiv
 860              		.global	__aeabi_d2f
 861              		.section	.text.updateQuaternion,"ax",%progbits
 862              		.align	1
 863              		.global	updateQuaternion
 864              		.syntax unified
 865              		.thumb
 866              		.thumb_func
 868              	updateQuaternion:
 869              	.LVL83:
 870              	.LFB72:
 342:Core/Src/main.c **** 
 343:Core/Src/main.c **** void updateQuaternion(Quaternion *q, int16_t gx, int16_t gy, int16_t gz, float dt) 
 344:Core/Src/main.c **** {
 871              		.loc 1 344 1 is_stmt 1 view -0
 872              		.cfi_startproc
 873              		@ args = 4, pretend = 0, frame = 48
 874              		@ frame_needed = 0, uses_anonymous_args = 0
 875              		.loc 1 344 1 is_stmt 0 view .LVU201
 876 0000 2DE9F043 		push	{r4, r5, r6, r7, r8, r9, lr}
 877              	.LCFI15:
 878              		.cfi_def_cfa_offset 28
 879              		.cfi_offset 4, -28
 880              		.cfi_offset 5, -24
 881              		.cfi_offset 6, -20
 882              		.cfi_offset 7, -16
 883              		.cfi_offset 8, -12
 884              		.cfi_offset 9, -8
 885              		.cfi_offset 14, -4
 886 0004 8FB0     		sub	sp, sp, #60
 887              	.LCFI16:
 888              		.cfi_def_cfa_offset 88
 889 0006 0446     		mov	r4, r0
 890 0008 0846     		mov	r0, r1
 891              	.LVL84:
 892              		.loc 1 344 1 view .LVU202
 893 000a 1146     		mov	r1, r2
 894              	.LVL85:
 895              		.loc 1 344 1 view .LVU203
 896 000c 1A46     		mov	r2, r3
 897              	.LVL86:
 345:Core/Src/main.c ****   float gx_dps, gy_dps, gz_dps;
ARM GAS  C:\Users\·\AppData\Local\Temp\ccg6e0Ld.s 			page 23


 898              		.loc 1 345 3 is_stmt 1 view .LVU204
 346:Core/Src/main.c ****   convertGyroData(gx, gy, gz, &gx_dps, &gy_dps, &gz_dps);
 899              		.loc 1 346 3 view .LVU205
 900 000e 0BAB     		add	r3, sp, #44
 901              	.LVL87:
 902              		.loc 1 346 3 is_stmt 0 view .LVU206
 903 0010 0193     		str	r3, [sp, #4]
 904 0012 0CAB     		add	r3, sp, #48
 905 0014 0093     		str	r3, [sp]
 906 0016 0DAB     		add	r3, sp, #52
 907 0018 FFF7FEFF 		bl	convertGyroData
 908              	.LVL88:
 347:Core/Src/main.c ****   
 348:Core/Src/main.c ****   // 转换为弧度/秒
 349:Core/Src/main.c ****   float gx_rad = gx_dps * M_PI / 180.0f;
 909              		.loc 1 349 3 is_stmt 1 view .LVU207
 910              		.loc 1 349 25 is_stmt 0 view .LVU208
 911 001c 0D98     		ldr	r0, [sp, #52]	@ float
 912 001e FFF7FEFF 		bl	__aeabi_f2d
 913              	.LVL89:
 914 0022 47A3     		adr	r3, .L36
 915 0024 D3E90023 		ldrd	r2, [r3]
 916 0028 FFF7FEFF 		bl	__aeabi_dmul
 917              	.LVL90:
 918              		.loc 1 349 32 view .LVU209
 919 002c 0022     		movs	r2, #0
 920 002e 464B     		ldr	r3, .L36+8
 921 0030 FFF7FEFF 		bl	__aeabi_ddiv
 922              	.LVL91:
 923              		.loc 1 349 9 view .LVU210
 924 0034 FFF7FEFF 		bl	__aeabi_d2f
 925              	.LVL92:
 926 0038 0746     		mov	r7, r0
 927              	.LVL93:
 350:Core/Src/main.c ****   float gy_rad = gy_dps * M_PI / 180.0f;
 928              		.loc 1 350 3 is_stmt 1 view .LVU211
 929              		.loc 1 350 25 is_stmt 0 view .LVU212
 930 003a 0C98     		ldr	r0, [sp, #48]	@ float
 931              	.LVL94:
 932              		.loc 1 350 25 view .LVU213
 933 003c FFF7FEFF 		bl	__aeabi_f2d
 934              	.LVL95:
 935 0040 3FA3     		adr	r3, .L36
 936 0042 D3E90023 		ldrd	r2, [r3]
 937 0046 FFF7FEFF 		bl	__aeabi_dmul
 938              	.LVL96:
 939              		.loc 1 350 32 view .LVU214
 940 004a 0022     		movs	r2, #0
 941 004c 3E4B     		ldr	r3, .L36+8
 942 004e FFF7FEFF 		bl	__aeabi_ddiv
 943              	.LVL97:
 944              		.loc 1 350 9 view .LVU215
 945 0052 FFF7FEFF 		bl	__aeabi_d2f
 946              	.LVL98:
 947 0056 0646     		mov	r6, r0
 948              	.LVL99:
 351:Core/Src/main.c ****   float gz_rad = gz_dps * M_PI / 180.0f;
ARM GAS  C:\Users\·\AppData\Local\Temp\ccg6e0Ld.s 			page 24


 949              		.loc 1 351 3 is_stmt 1 view .LVU216
 950              		.loc 1 351 25 is_stmt 0 view .LVU217
 951 0058 0B98     		ldr	r0, [sp, #44]	@ float
 952              	.LVL100:
 953              		.loc 1 351 25 view .LVU218
 954 005a FFF7FEFF 		bl	__aeabi_f2d
 955              	.LVL101:
 956 005e 38A3     		adr	r3, .L36
 957 0060 D3E90023 		ldrd	r2, [r3]
 958 0064 FFF7FEFF 		bl	__aeabi_dmul
 959              	.LVL102:
 960              		.loc 1 351 32 view .LVU219
 961 0068 0022     		movs	r2, #0
 962 006a 374B     		ldr	r3, .L36+8
 963 006c FFF7FEFF 		bl	__aeabi_ddiv
 964              	.LVL103:
 965              		.loc 1 351 9 view .LVU220
 966 0070 FFF7FEFF 		bl	__aeabi_d2f
 967              	.LVL104:
 968 0074 8046     		mov	r8, r0
 969              	.LVL105:
 352:Core/Src/main.c ****   
 353:Core/Src/main.c ****   float half_dt = dt * 0.5f;
 970              		.loc 1 353 3 is_stmt 1 view .LVU221
 971              		.loc 1 353 9 is_stmt 0 view .LVU222
 972 0076 4FF07C51 		mov	r1, #1056964608
 973 007a 1698     		ldr	r0, [sp, #88]	@ float
 974              	.LVL106:
 975              		.loc 1 353 9 view .LVU223
 976 007c FFF7FEFF 		bl	__aeabi_fmul
 977              	.LVL107:
 978 0080 0546     		mov	r5, r0
 979              	.LVL108:
 354:Core/Src/main.c ****   float wx = gx_rad * half_dt;
 980              		.loc 1 354 3 is_stmt 1 view .LVU224
 981              		.loc 1 354 9 is_stmt 0 view .LVU225
 982 0082 0146     		mov	r1, r0
 983 0084 3846     		mov	r0, r7
 984              	.LVL109:
 985              		.loc 1 354 9 view .LVU226
 986 0086 FFF7FEFF 		bl	__aeabi_fmul
 987              	.LVL110:
 988              		.loc 1 354 9 view .LVU227
 989 008a 0746     		mov	r7, r0
 990              	.LVL111:
 355:Core/Src/main.c ****   float wy = gy_rad * half_dt;
 991              		.loc 1 355 3 is_stmt 1 view .LVU228
 992              		.loc 1 355 9 is_stmt 0 view .LVU229
 993 008c 2946     		mov	r1, r5
 994 008e 3046     		mov	r0, r6
 995              	.LVL112:
 996              		.loc 1 355 9 view .LVU230
 997 0090 FFF7FEFF 		bl	__aeabi_fmul
 998              	.LVL113:
 999 0094 0646     		mov	r6, r0
 1000              	.LVL114:
 356:Core/Src/main.c ****   float wz = gz_rad * half_dt;
ARM GAS  C:\Users\·\AppData\Local\Temp\ccg6e0Ld.s 			page 25


 1001              		.loc 1 356 3 is_stmt 1 view .LVU231
 1002              		.loc 1 356 9 is_stmt 0 view .LVU232
 1003 0096 2946     		mov	r1, r5
 1004 0098 4046     		mov	r0, r8
 1005              	.LVL115:
 1006              		.loc 1 356 9 view .LVU233
 1007 009a FFF7FEFF 		bl	__aeabi_fmul
 1008              	.LVL116:
 1009 009e 0546     		mov	r5, r0
 1010              	.LVL117:
 357:Core/Src/main.c **** 
 358:Core/Src/main.c ****   // 计算角增量的模长
 359:Core/Src/main.c ****   float angle_norm = sqrtf(wx*wx + wy*wy + wz*wz);
 1011              		.loc 1 359 3 is_stmt 1 view .LVU234
 1012              		.loc 1 359 30 is_stmt 0 view .LVU235
 1013 00a0 3946     		mov	r1, r7
 1014 00a2 3846     		mov	r0, r7
 1015              	.LVL118:
 1016              		.loc 1 359 30 view .LVU236
 1017 00a4 FFF7FEFF 		bl	__aeabi_fmul
 1018              	.LVL119:
 1019 00a8 8046     		mov	r8, r0
 1020              	.LVL120:
 1021              		.loc 1 359 38 view .LVU237
 1022 00aa 3146     		mov	r1, r6
 1023 00ac 3046     		mov	r0, r6
 1024 00ae FFF7FEFF 		bl	__aeabi_fmul
 1025              	.LVL121:
 1026 00b2 0146     		mov	r1, r0
 1027              		.loc 1 359 34 view .LVU238
 1028 00b4 4046     		mov	r0, r8
 1029 00b6 FFF7FEFF 		bl	__aeabi_fadd
 1030              	.LVL122:
 1031 00ba 8046     		mov	r8, r0
 1032              		.loc 1 359 46 view .LVU239
 1033 00bc 2946     		mov	r1, r5
 1034 00be 2846     		mov	r0, r5
 1035 00c0 FFF7FEFF 		bl	__aeabi_fmul
 1036              	.LVL123:
 1037 00c4 0146     		mov	r1, r0
 1038              		.loc 1 359 22 view .LVU240
 1039 00c6 4046     		mov	r0, r8
 1040 00c8 FFF7FEFF 		bl	__aeabi_fadd
 1041              	.LVL124:
 1042 00cc FFF7FEFF 		bl	sqrtf
 1043              	.LVL125:
 1044 00d0 8046     		mov	r8, r0
 1045              	.LVL126:
 360:Core/Src/main.c ****   
 361:Core/Src/main.c ****   Quaternion q_temp;
 1046              		.loc 1 361 3 is_stmt 1 view .LVU241
 362:Core/Src/main.c ****   
 363:Core/Src/main.c ****   if (angle_norm < 1e-6f) 
 1047              		.loc 1 363 3 view .LVU242
 1048              		.loc 1 363 6 is_stmt 0 view .LVU243
 1049 00d2 1E49     		ldr	r1, .L36+12
 1050 00d4 FFF7FEFF 		bl	__aeabi_fcmplt
ARM GAS  C:\Users\·\AppData\Local\Temp\ccg6e0Ld.s 			page 26


 1051              	.LVL127:
 1052              		.loc 1 363 6 view .LVU244
 1053 00d8 A8B1     		cbz	r0, .L34
 364:Core/Src/main.c ****   {
 365:Core/Src/main.c ****     // 如果角增量很小，使用近似计算
 366:Core/Src/main.c ****     q_temp.w = 1.0f;
 1054              		.loc 1 366 5 is_stmt 1 view .LVU245
 1055              		.loc 1 366 14 is_stmt 0 view .LVU246
 1056 00da 4FF07E53 		mov	r3, #1065353216
 1057 00de 0793     		str	r3, [sp, #28]	@ float
 367:Core/Src/main.c ****     q_temp.x = wx;
 1058              		.loc 1 367 5 is_stmt 1 view .LVU247
 1059              		.loc 1 367 14 is_stmt 0 view .LVU248
 1060 00e0 0897     		str	r7, [sp, #32]	@ float
 368:Core/Src/main.c ****     q_temp.y = wy;
 1061              		.loc 1 368 5 is_stmt 1 view .LVU249
 1062              		.loc 1 368 14 is_stmt 0 view .LVU250
 1063 00e2 0996     		str	r6, [sp, #36]	@ float
 369:Core/Src/main.c ****     q_temp.z = wz;
 1064              		.loc 1 369 5 is_stmt 1 view .LVU251
 1065              		.loc 1 369 14 is_stmt 0 view .LVU252
 1066 00e4 0A95     		str	r5, [sp, #40]	@ float
 1067              	.L32:
 370:Core/Src/main.c ****   } 
 371:Core/Src/main.c ****   else 
 372:Core/Src/main.c ****   {
 373:Core/Src/main.c ****     float half_angle = angle_norm;
 374:Core/Src/main.c ****     float sin_half_angle = sinf(half_angle) / angle_norm;
 375:Core/Src/main.c ****     
 376:Core/Src/main.c ****     q_temp.w = cosf(half_angle);
 377:Core/Src/main.c ****     q_temp.x = wx * sin_half_angle;
 378:Core/Src/main.c ****     q_temp.y = wy * sin_half_angle;
 379:Core/Src/main.c ****     q_temp.z = wz * sin_half_angle;
 380:Core/Src/main.c ****   }
 381:Core/Src/main.c **** 
 382:Core/Src/main.c ****   // 更新四元数
 383:Core/Src/main.c ****   *q = multiplyQuaternions(q, &q_temp);
 1068              		.loc 1 383 3 is_stmt 1 view .LVU253
 1069              		.loc 1 383 8 is_stmt 0 view .LVU254
 1070 00e6 02AD     		add	r5, sp, #8
 1071              	.LVL128:
 1072              		.loc 1 383 8 view .LVU255
 1073 00e8 07AA     		add	r2, sp, #28
 1074 00ea 2146     		mov	r1, r4
 1075 00ec 2846     		mov	r0, r5
 1076 00ee FFF7FEFF 		bl	multiplyQuaternions
 1077              	.LVL129:
 1078 00f2 95E80F00 		ldm	r5, {r0, r1, r2, r3}
 1079 00f6 84E80F00 		stm	r4, {r0, r1, r2, r3}
 384:Core/Src/main.c **** 
 385:Core/Src/main.c ****   // 归一化四元数
 386:Core/Src/main.c ****   InitQuaternion(q);
 1080              		.loc 1 386 3 is_stmt 1 view .LVU256
 1081 00fa 2046     		mov	r0, r4
 1082 00fc FFF7FEFF 		bl	InitQuaternion
 1083              	.LVL130:
 387:Core/Src/main.c **** }
ARM GAS  C:\Users\·\AppData\Local\Temp\ccg6e0Ld.s 			page 27


 1084              		.loc 1 387 1 is_stmt 0 view .LVU257
 1085 0100 0FB0     		add	sp, sp, #60
 1086              	.LCFI17:
 1087              		.cfi_remember_state
 1088              		.cfi_def_cfa_offset 28
 1089              		@ sp needed
 1090 0102 BDE8F083 		pop	{r4, r5, r6, r7, r8, r9, pc}
 1091              	.LVL131:
 1092              	.L34:
 1093              	.LCFI18:
 1094              		.cfi_restore_state
 1095              	.LBB4:
 373:Core/Src/main.c ****     float sin_half_angle = sinf(half_angle) / angle_norm;
 1096              		.loc 1 373 5 is_stmt 1 view .LVU258
 374:Core/Src/main.c ****     
 1097              		.loc 1 374 5 view .LVU259
 374:Core/Src/main.c ****     
 1098              		.loc 1 374 28 is_stmt 0 view .LVU260
 1099 0106 4046     		mov	r0, r8
 1100 0108 FFF7FEFF 		bl	sinf
 1101              	.LVL132:
 374:Core/Src/main.c ****     
 1102              		.loc 1 374 11 discriminator 1 view .LVU261
 1103 010c 4146     		mov	r1, r8
 1104 010e FFF7FEFF 		bl	__aeabi_fdiv
 1105              	.LVL133:
 1106 0112 8146     		mov	r9, r0
 1107              	.LVL134:
 376:Core/Src/main.c ****     q_temp.x = wx * sin_half_angle;
 1108              		.loc 1 376 5 is_stmt 1 view .LVU262
 376:Core/Src/main.c ****     q_temp.x = wx * sin_half_angle;
 1109              		.loc 1 376 16 is_stmt 0 view .LVU263
 1110 0114 4046     		mov	r0, r8
 1111              	.LVL135:
 376:Core/Src/main.c ****     q_temp.x = wx * sin_half_angle;
 1112              		.loc 1 376 16 view .LVU264
 1113 0116 FFF7FEFF 		bl	cosf
 1114              	.LVL136:
 376:Core/Src/main.c ****     q_temp.x = wx * sin_half_angle;
 1115              		.loc 1 376 14 discriminator 1 view .LVU265
 1116 011a 0790     		str	r0, [sp, #28]	@ float
 377:Core/Src/main.c ****     q_temp.y = wy * sin_half_angle;
 1117              		.loc 1 377 5 is_stmt 1 view .LVU266
 377:Core/Src/main.c ****     q_temp.y = wy * sin_half_angle;
 1118              		.loc 1 377 19 is_stmt 0 view .LVU267
 1119 011c 4946     		mov	r1, r9
 1120 011e 3846     		mov	r0, r7
 1121 0120 FFF7FEFF 		bl	__aeabi_fmul
 1122              	.LVL137:
 377:Core/Src/main.c ****     q_temp.y = wy * sin_half_angle;
 1123              		.loc 1 377 14 view .LVU268
 1124 0124 0890     		str	r0, [sp, #32]	@ float
 378:Core/Src/main.c ****     q_temp.z = wz * sin_half_angle;
 1125              		.loc 1 378 5 is_stmt 1 view .LVU269
 378:Core/Src/main.c ****     q_temp.z = wz * sin_half_angle;
 1126              		.loc 1 378 19 is_stmt 0 view .LVU270
 1127 0126 4946     		mov	r1, r9
ARM GAS  C:\Users\·\AppData\Local\Temp\ccg6e0Ld.s 			page 28


 1128 0128 3046     		mov	r0, r6
 1129 012a FFF7FEFF 		bl	__aeabi_fmul
 1130              	.LVL138:
 378:Core/Src/main.c ****     q_temp.z = wz * sin_half_angle;
 1131              		.loc 1 378 14 view .LVU271
 1132 012e 0990     		str	r0, [sp, #36]	@ float
 379:Core/Src/main.c ****   }
 1133              		.loc 1 379 5 is_stmt 1 view .LVU272
 379:Core/Src/main.c ****   }
 1134              		.loc 1 379 19 is_stmt 0 view .LVU273
 1135 0130 4946     		mov	r1, r9
 1136 0132 2846     		mov	r0, r5
 1137 0134 FFF7FEFF 		bl	__aeabi_fmul
 1138              	.LVL139:
 379:Core/Src/main.c ****   }
 1139              		.loc 1 379 14 view .LVU274
 1140 0138 0A90     		str	r0, [sp, #40]	@ float
 1141 013a D4E7     		b	.L32
 1142              	.L37:
 1143 013c AFF30080 		.align	3
 1144              	.L36:
 1145 0140 4AD8124D 		.word	1293080650
 1146 0144 FB210940 		.word	1074340347
 1147 0148 00806640 		.word	1080459264
 1148 014c BD378635 		.word	897988541
 1149              	.LBE4:
 1150              		.cfi_endproc
 1151              	.LFE72:
 1153              		.section	.text.calculateAngles,"ax",%progbits
 1154              		.align	1
 1155              		.global	calculateAngles
 1156              		.syntax unified
 1157              		.thumb
 1158              		.thumb_func
 1160              	calculateAngles:
 1161              	.LVL140:
 1162              	.LFB73:
 388:Core/Src/main.c **** 
 389:Core/Src/main.c **** void calculateAngles(Quaternion *q, float *roll, float *pitch, float *yaw) 
 390:Core/Src/main.c **** {
 1163              		.loc 1 390 1 is_stmt 1 view -0
 1164              		.cfi_startproc
 1165              		@ args = 0, pretend = 0, frame = 0
 1166              		@ frame_needed = 0, uses_anonymous_args = 0
 1167              		.loc 1 390 1 is_stmt 0 view .LVU276
 1168 0000 2DE9F047 		push	{r4, r5, r6, r7, r8, r9, r10, lr}
 1169              	.LCFI19:
 1170              		.cfi_def_cfa_offset 32
 1171              		.cfi_offset 4, -32
 1172              		.cfi_offset 5, -28
 1173              		.cfi_offset 6, -24
 1174              		.cfi_offset 7, -20
 1175              		.cfi_offset 8, -16
 1176              		.cfi_offset 9, -12
 1177              		.cfi_offset 10, -8
 1178              		.cfi_offset 14, -4
 1179 0004 0446     		mov	r4, r0
ARM GAS  C:\Users\·\AppData\Local\Temp\ccg6e0Ld.s 			page 29


 1180 0006 8846     		mov	r8, r1
 1181 0008 1746     		mov	r7, r2
 1182 000a 1E46     		mov	r6, r3
 391:Core/Src/main.c ****   // 使用标准欧拉角计算公式
 392:Core/Src/main.c ****   *roll = atan2f(2.0f * (q->w * q->x + q->y * q->z), 
 1183              		.loc 1 392 3 is_stmt 1 view .LVU277
 1184              		.loc 1 392 34 is_stmt 0 view .LVU278
 1185 000c D0F80490 		ldr	r9, [r0, #4]	@ float
 1186              		.loc 1 392 31 view .LVU279
 1187 0010 4946     		mov	r1, r9
 1188              	.LVL141:
 1189              		.loc 1 392 31 view .LVU280
 1190 0012 0068     		ldr	r0, [r0]	@ float
 1191              	.LVL142:
 1192              		.loc 1 392 31 view .LVU281
 1193 0014 FFF7FEFF 		bl	__aeabi_fmul
 1194              	.LVL143:
 1195              		.loc 1 392 31 view .LVU282
 1196 0018 0546     		mov	r5, r0
 1197              		.loc 1 392 41 view .LVU283
 1198 001a D4F808A0 		ldr	r10, [r4, #8]	@ float
 1199              		.loc 1 392 45 view .LVU284
 1200 001e E168     		ldr	r1, [r4, #12]	@ float
 1201 0020 5046     		mov	r0, r10
 1202 0022 FFF7FEFF 		bl	__aeabi_fmul
 1203              	.LVL144:
 1204 0026 0146     		mov	r1, r0
 1205              		.loc 1 392 38 view .LVU285
 1206 0028 2846     		mov	r0, r5
 1207 002a FFF7FEFF 		bl	__aeabi_fadd
 1208              	.LVL145:
 1209 002e 0546     		mov	r5, r0
 393:Core/Src/main.c ****                 1.0f - 2.0f * (q->x * q->x + q->y * q->y)) * 180.0f / M_PI;
 1210              		.loc 1 393 37 view .LVU286
 1211 0030 4946     		mov	r1, r9
 1212 0032 4846     		mov	r0, r9
 1213 0034 FFF7FEFF 		bl	__aeabi_fmul
 1214              	.LVL146:
 1215 0038 8146     		mov	r9, r0
 1216              		.loc 1 393 51 view .LVU287
 1217 003a 5146     		mov	r1, r10
 1218 003c 5046     		mov	r0, r10
 1219 003e FFF7FEFF 		bl	__aeabi_fmul
 1220              	.LVL147:
 1221 0042 0146     		mov	r1, r0
 1222              		.loc 1 393 44 view .LVU288
 1223 0044 4846     		mov	r0, r9
 1224 0046 FFF7FEFF 		bl	__aeabi_fadd
 1225              	.LVL148:
 1226 004a 0146     		mov	r1, r0
 1227              		.loc 1 393 29 view .LVU289
 1228 004c FFF7FEFF 		bl	__aeabi_fadd
 1229              	.LVL149:
 1230 0050 0146     		mov	r1, r0
 392:Core/Src/main.c ****                 1.0f - 2.0f * (q->x * q->x + q->y * q->y)) * 180.0f / M_PI;
 1231              		.loc 1 392 11 view .LVU290
 1232 0052 4FF07E50 		mov	r0, #1065353216
ARM GAS  C:\Users\·\AppData\Local\Temp\ccg6e0Ld.s 			page 30


 1233 0056 FFF7FEFF 		bl	__aeabi_fsub
 1234              	.LVL150:
 1235 005a 8146     		mov	r9, r0
 1236 005c 2946     		mov	r1, r5
 1237 005e 2846     		mov	r0, r5
 1238 0060 FFF7FEFF 		bl	__aeabi_fadd
 1239              	.LVL151:
 1240 0064 4946     		mov	r1, r9
 1241 0066 FFF7FEFF 		bl	atan2f
 1242              	.LVL152:
 1243              		.loc 1 393 60 view .LVU291
 1244 006a 3749     		ldr	r1, .L40+8
 1245 006c FFF7FEFF 		bl	__aeabi_fmul
 1246              	.LVL153:
 1247 0070 FFF7FEFF 		bl	__aeabi_f2d
 1248              	.LVL154:
 1249              		.loc 1 393 69 view .LVU292
 1250 0074 32A3     		adr	r3, .L40
 1251 0076 D3E90023 		ldrd	r2, [r3]
 1252 007a FFF7FEFF 		bl	__aeabi_ddiv
 1253              	.LVL155:
 1254 007e FFF7FEFF 		bl	__aeabi_d2f
 1255              	.LVL156:
 392:Core/Src/main.c ****                 1.0f - 2.0f * (q->x * q->x + q->y * q->y)) * 180.0f / M_PI;
 1256              		.loc 1 392 9 view .LVU293
 1257 0082 C8F80000 		str	r0, [r8]	@ float
 394:Core/Src/main.c ****   
 395:Core/Src/main.c ****   *pitch = asinf(2.0f * (q->w * q->y - q->z * q->x)) * 180.0f / M_PI;
 1258              		.loc 1 395 3 is_stmt 1 view .LVU294
 1259              		.loc 1 395 31 is_stmt 0 view .LVU295
 1260 0086 A168     		ldr	r1, [r4, #8]	@ float
 1261 0088 2068     		ldr	r0, [r4]	@ float
 1262 008a FFF7FEFF 		bl	__aeabi_fmul
 1263              	.LVL157:
 1264 008e 0546     		mov	r5, r0
 1265              		.loc 1 395 45 view .LVU296
 1266 0090 6168     		ldr	r1, [r4, #4]	@ float
 1267 0092 E068     		ldr	r0, [r4, #12]	@ float
 1268 0094 FFF7FEFF 		bl	__aeabi_fmul
 1269              	.LVL158:
 1270 0098 0146     		mov	r1, r0
 1271              		.loc 1 395 38 view .LVU297
 1272 009a 2846     		mov	r0, r5
 1273 009c FFF7FEFF 		bl	__aeabi_fsub
 1274              	.LVL159:
 1275 00a0 0146     		mov	r1, r0
 1276              		.loc 1 395 12 view .LVU298
 1277 00a2 FFF7FEFF 		bl	__aeabi_fadd
 1278              	.LVL160:
 1279 00a6 FFF7FEFF 		bl	asinf
 1280              	.LVL161:
 1281              		.loc 1 395 54 discriminator 1 view .LVU299
 1282 00aa 2749     		ldr	r1, .L40+8
 1283 00ac FFF7FEFF 		bl	__aeabi_fmul
 1284              	.LVL162:
 1285 00b0 FFF7FEFF 		bl	__aeabi_f2d
 1286              	.LVL163:
ARM GAS  C:\Users\·\AppData\Local\Temp\ccg6e0Ld.s 			page 31


 1287              		.loc 1 395 63 discriminator 1 view .LVU300
 1288 00b4 22A3     		adr	r3, .L40
 1289 00b6 D3E90023 		ldrd	r2, [r3]
 1290 00ba FFF7FEFF 		bl	__aeabi_ddiv
 1291              	.LVL164:
 1292 00be FFF7FEFF 		bl	__aeabi_d2f
 1293              	.LVL165:
 1294              		.loc 1 395 10 discriminator 1 view .LVU301
 1295 00c2 3860     		str	r0, [r7]	@ float
 396:Core/Src/main.c ****   
 397:Core/Src/main.c ****   *yaw = atan2f(2.0f * (q->w * q->z + q->x * q->y),
 1296              		.loc 1 397 3 is_stmt 1 view .LVU302
 1297              		.loc 1 397 33 is_stmt 0 view .LVU303
 1298 00c4 E768     		ldr	r7, [r4, #12]	@ float
 1299              	.LVL166:
 1300              		.loc 1 397 30 view .LVU304
 1301 00c6 3946     		mov	r1, r7
 1302 00c8 2068     		ldr	r0, [r4]	@ float
 1303 00ca FFF7FEFF 		bl	__aeabi_fmul
 1304              	.LVL167:
 1305 00ce 8046     		mov	r8, r0
 1306              	.LVL168:
 1307              		.loc 1 397 47 view .LVU305
 1308 00d0 A568     		ldr	r5, [r4, #8]	@ float
 1309              		.loc 1 397 44 view .LVU306
 1310 00d2 2946     		mov	r1, r5
 1311 00d4 6068     		ldr	r0, [r4, #4]	@ float
 1312 00d6 FFF7FEFF 		bl	__aeabi_fmul
 1313              	.LVL169:
 1314 00da 0146     		mov	r1, r0
 1315              		.loc 1 397 37 view .LVU307
 1316 00dc 4046     		mov	r0, r8
 1317 00de FFF7FEFF 		bl	__aeabi_fadd
 1318              	.LVL170:
 1319 00e2 0446     		mov	r4, r0
 1320              	.LVL171:
 398:Core/Src/main.c ****                 1.0f - 2.0f * (q->y * q->y + q->z * q->z)) * 180.0f / M_PI;
 1321              		.loc 1 398 37 view .LVU308
 1322 00e4 2946     		mov	r1, r5
 1323 00e6 2846     		mov	r0, r5
 1324 00e8 FFF7FEFF 		bl	__aeabi_fmul
 1325              	.LVL172:
 1326 00ec 0546     		mov	r5, r0
 1327              		.loc 1 398 51 view .LVU309
 1328 00ee 3946     		mov	r1, r7
 1329 00f0 3846     		mov	r0, r7
 1330 00f2 FFF7FEFF 		bl	__aeabi_fmul
 1331              	.LVL173:
 1332 00f6 0146     		mov	r1, r0
 1333              		.loc 1 398 44 view .LVU310
 1334 00f8 2846     		mov	r0, r5
 1335 00fa FFF7FEFF 		bl	__aeabi_fadd
 1336              	.LVL174:
 1337 00fe 0146     		mov	r1, r0
 1338              		.loc 1 398 29 view .LVU311
 1339 0100 FFF7FEFF 		bl	__aeabi_fadd
 1340              	.LVL175:
ARM GAS  C:\Users\·\AppData\Local\Temp\ccg6e0Ld.s 			page 32


 1341 0104 0146     		mov	r1, r0
 397:Core/Src/main.c ****                 1.0f - 2.0f * (q->y * q->y + q->z * q->z)) * 180.0f / M_PI;
 1342              		.loc 1 397 10 view .LVU312
 1343 0106 4FF07E50 		mov	r0, #1065353216
 1344 010a FFF7FEFF 		bl	__aeabi_fsub
 1345              	.LVL176:
 1346 010e 0546     		mov	r5, r0
 1347 0110 2146     		mov	r1, r4
 1348 0112 2046     		mov	r0, r4
 1349 0114 FFF7FEFF 		bl	__aeabi_fadd
 1350              	.LVL177:
 1351 0118 2946     		mov	r1, r5
 1352 011a FFF7FEFF 		bl	atan2f
 1353              	.LVL178:
 1354              		.loc 1 398 60 view .LVU313
 1355 011e 0A49     		ldr	r1, .L40+8
 1356 0120 FFF7FEFF 		bl	__aeabi_fmul
 1357              	.LVL179:
 1358 0124 FFF7FEFF 		bl	__aeabi_f2d
 1359              	.LVL180:
 1360              		.loc 1 398 69 view .LVU314
 1361 0128 05A3     		adr	r3, .L40
 1362 012a D3E90023 		ldrd	r2, [r3]
 1363 012e FFF7FEFF 		bl	__aeabi_ddiv
 1364              	.LVL181:
 1365 0132 FFF7FEFF 		bl	__aeabi_d2f
 1366              	.LVL182:
 397:Core/Src/main.c ****                 1.0f - 2.0f * (q->y * q->y + q->z * q->z)) * 180.0f / M_PI;
 1367              		.loc 1 397 8 view .LVU315
 1368 0136 3060     		str	r0, [r6]	@ float
 399:Core/Src/main.c **** }
 1369              		.loc 1 399 1 view .LVU316
 1370 0138 BDE8F087 		pop	{r4, r5, r6, r7, r8, r9, r10, pc}
 1371              	.LVL183:
 1372              	.L41:
 1373              		.loc 1 399 1 view .LVU317
 1374 013c AFF30080 		.align	3
 1375              	.L40:
 1376 0140 4AD8124D 		.word	1293080650
 1377 0144 FB210940 		.word	1074340347
 1378 0148 00003443 		.word	1127481344
 1379              		.cfi_endproc
 1380              	.LFE73:
 1382              		.section	.text.kalmanInit,"ax",%progbits
 1383              		.align	1
 1384              		.global	kalmanInit
 1385              		.syntax unified
 1386              		.thumb
 1387              		.thumb_func
 1389              	kalmanInit:
 1390              	.LVL184:
 1391              	.LFB74:
 400:Core/Src/main.c **** 
 401:Core/Src/main.c **** void kalmanInit(KalmanFilter *filter, float Q_angle, float Q_bias, float measure) //卡尔曼滤波
 402:Core/Src/main.c **** {
 1392              		.loc 1 402 1 is_stmt 1 view -0
 1393              		.cfi_startproc
ARM GAS  C:\Users\·\AppData\Local\Temp\ccg6e0Ld.s 			page 33


 1394              		@ args = 0, pretend = 0, frame = 0
 1395              		@ frame_needed = 0, uses_anonymous_args = 0
 1396              		.loc 1 402 1 is_stmt 0 view .LVU319
 1397 0000 00B5     		push	{lr}
 1398              	.LCFI20:
 1399              		.cfi_def_cfa_offset 4
 1400              		.cfi_offset 14, -4
 403:Core/Src/main.c ****   filter->angle = 0.0f;
 1401              		.loc 1 403 3 is_stmt 1 view .LVU320
 1402              		.loc 1 403 17 is_stmt 0 view .LVU321
 1403 0002 4FF0000C 		mov	ip, #0
 1404 0006 C0F800C0 		str	ip, [r0]	@ float
 404:Core/Src/main.c ****   filter->bias = 0.0f;
 1405              		.loc 1 404 3 is_stmt 1 view .LVU322
 1406              		.loc 1 404 16 is_stmt 0 view .LVU323
 1407 000a C0F804C0 		str	ip, [r0, #4]	@ float
 405:Core/Src/main.c ****   
 406:Core/Src/main.c ****   filter->P[0][0] = 1.0f;
 1408              		.loc 1 406 3 is_stmt 1 view .LVU324
 1409              		.loc 1 406 19 is_stmt 0 view .LVU325
 1410 000e 4FF07E5E 		mov	lr, #1065353216
 1411 0012 C0F808E0 		str	lr, [r0, #8]	@ float
 407:Core/Src/main.c ****   filter->P[0][1] = 0.0f;
 1412              		.loc 1 407 3 is_stmt 1 view .LVU326
 1413              		.loc 1 407 19 is_stmt 0 view .LVU327
 1414 0016 C0F80CC0 		str	ip, [r0, #12]	@ float
 408:Core/Src/main.c ****   filter->P[1][0] = 0.0f;
 1415              		.loc 1 408 3 is_stmt 1 view .LVU328
 1416              		.loc 1 408 19 is_stmt 0 view .LVU329
 1417 001a C0F810C0 		str	ip, [r0, #16]	@ float
 409:Core/Src/main.c ****   filter->P[1][1] = 1.0f;
 1418              		.loc 1 409 3 is_stmt 1 view .LVU330
 1419              		.loc 1 409 19 is_stmt 0 view .LVU331
 1420 001e C0F814E0 		str	lr, [r0, #20]	@ float
 410:Core/Src/main.c ****   
 411:Core/Src/main.c ****   filter->Q_angle = Q_angle;
 1421              		.loc 1 411 3 is_stmt 1 view .LVU332
 1422              		.loc 1 411 19 is_stmt 0 view .LVU333
 1423 0022 8161     		str	r1, [r0, #24]	@ float
 412:Core/Src/main.c ****   filter->Q_bias = Q_bias;
 1424              		.loc 1 412 3 is_stmt 1 view .LVU334
 1425              		.loc 1 412 18 is_stmt 0 view .LVU335
 1426 0024 C261     		str	r2, [r0, #28]	@ float
 413:Core/Src/main.c ****   filter->measure = measure;
 1427              		.loc 1 413 3 is_stmt 1 view .LVU336
 1428              		.loc 1 413 19 is_stmt 0 view .LVU337
 1429 0026 0362     		str	r3, [r0, #32]	@ float
 414:Core/Src/main.c **** }
 1430              		.loc 1 414 1 view .LVU338
 1431 0028 5DF804FB 		ldr	pc, [sp], #4
 1432              		.cfi_endproc
 1433              	.LFE74:
 1435              		.section	.text.kalmanUpdate,"ax",%progbits
 1436              		.align	1
 1437              		.global	kalmanUpdate
 1438              		.syntax unified
 1439              		.thumb
ARM GAS  C:\Users\·\AppData\Local\Temp\ccg6e0Ld.s 			page 34


 1440              		.thumb_func
 1442              	kalmanUpdate:
 1443              	.LVL185:
 1444              	.LFB75:
 415:Core/Src/main.c **** 
 416:Core/Src/main.c **** float kalmanUpdate(KalmanFilter *filter, float newAngle, float newRate, float dt) //卡尔曼滤波
 417:Core/Src/main.c **** {
 1445              		.loc 1 417 1 is_stmt 1 view -0
 1446              		.cfi_startproc
 1447              		@ args = 0, pretend = 0, frame = 24
 1448              		@ frame_needed = 0, uses_anonymous_args = 0
 1449              		.loc 1 417 1 is_stmt 0 view .LVU340
 1450 0000 2DE9F04F 		push	{r4, r5, r6, r7, r8, r9, r10, fp, lr}
 1451              	.LCFI21:
 1452              		.cfi_def_cfa_offset 36
 1453              		.cfi_offset 4, -36
 1454              		.cfi_offset 5, -32
 1455              		.cfi_offset 6, -28
 1456              		.cfi_offset 7, -24
 1457              		.cfi_offset 8, -20
 1458              		.cfi_offset 9, -16
 1459              		.cfi_offset 10, -12
 1460              		.cfi_offset 11, -8
 1461              		.cfi_offset 14, -4
 1462 0004 87B0     		sub	sp, sp, #28
 1463              	.LCFI22:
 1464              		.cfi_def_cfa_offset 64
 1465 0006 0446     		mov	r4, r0
 1466 0008 0291     		str	r1, [sp, #8]	@ float
 1467 000a 1F46     		mov	r7, r3
 418:Core/Src/main.c ****   // 预测步骤
 419:Core/Src/main.c ****   filter->angle += dt * (newRate - filter->bias);
 1468              		.loc 1 419 3 is_stmt 1 view .LVU341
 1469              		.loc 1 419 9 is_stmt 0 view .LVU342
 1470 000c 0568     		ldr	r5, [r0]	@ float
 1471              		.loc 1 419 42 view .LVU343
 1472 000e D0F80490 		ldr	r9, [r0, #4]	@ float
 1473              		.loc 1 419 34 view .LVU344
 1474 0012 4946     		mov	r1, r9
 1475              	.LVL186:
 1476              		.loc 1 419 34 view .LVU345
 1477 0014 1046     		mov	r0, r2
 1478              	.LVL187:
 1479              		.loc 1 419 34 view .LVU346
 1480 0016 FFF7FEFF 		bl	__aeabi_fsub
 1481              	.LVL188:
 1482              		.loc 1 419 23 view .LVU347
 1483 001a 3946     		mov	r1, r7
 1484 001c FFF7FEFF 		bl	__aeabi_fmul
 1485              	.LVL189:
 1486 0020 0146     		mov	r1, r0
 1487              		.loc 1 419 17 view .LVU348
 1488 0022 2846     		mov	r0, r5
 1489 0024 FFF7FEFF 		bl	__aeabi_fadd
 1490              	.LVL190:
 1491 0028 8046     		mov	r8, r0
 1492 002a 2060     		str	r0, [r4]	@ float
ARM GAS  C:\Users\·\AppData\Local\Temp\ccg6e0Ld.s 			page 35


 420:Core/Src/main.c ****   
 421:Core/Src/main.c ****   filter->P[0][0] += dt * (dt * filter->P[1][1] - filter->P[0][1] - filter->P[1][0] + filter->Q_ang
 1493              		.loc 1 421 3 is_stmt 1 view .LVU349
 1494              		.loc 1 421 15 is_stmt 0 view .LVU350
 1495 002c A568     		ldr	r5, [r4, #8]	@ float
 1496              		.loc 1 421 45 view .LVU351
 1497 002e D4F814A0 		ldr	r10, [r4, #20]	@ float
 1498              		.loc 1 421 31 view .LVU352
 1499 0032 3946     		mov	r1, r7
 1500 0034 5046     		mov	r0, r10
 1501 0036 FFF7FEFF 		bl	__aeabi_fmul
 1502              	.LVL191:
 1503 003a 0190     		str	r0, [sp, #4]	@ float
 1504              		.loc 1 421 63 view .LVU353
 1505 003c E668     		ldr	r6, [r4, #12]	@ float
 1506              		.loc 1 421 49 view .LVU354
 1507 003e 3146     		mov	r1, r6
 1508 0040 FFF7FEFF 		bl	__aeabi_fsub
 1509              	.LVL192:
 1510              		.loc 1 421 81 view .LVU355
 1511 0044 D4F810B0 		ldr	fp, [r4, #16]	@ float
 1512              		.loc 1 421 67 view .LVU356
 1513 0048 5946     		mov	r1, fp
 1514 004a FFF7FEFF 		bl	__aeabi_fsub
 1515              	.LVL193:
 1516              		.loc 1 421 85 view .LVU357
 1517 004e A169     		ldr	r1, [r4, #24]	@ float
 1518 0050 FFF7FEFF 		bl	__aeabi_fadd
 1519              	.LVL194:
 1520              		.loc 1 421 25 view .LVU358
 1521 0054 3946     		mov	r1, r7
 1522 0056 FFF7FEFF 		bl	__aeabi_fmul
 1523              	.LVL195:
 1524 005a 0146     		mov	r1, r0
 1525              		.loc 1 421 19 view .LVU359
 1526 005c 2846     		mov	r0, r5
 1527 005e FFF7FEFF 		bl	__aeabi_fadd
 1528              	.LVL196:
 1529 0062 0546     		mov	r5, r0
 1530 0064 A060     		str	r0, [r4, #8]	@ float
 422:Core/Src/main.c ****   filter->P[0][1] -= dt * filter->P[1][1];
 1531              		.loc 1 422 3 is_stmt 1 view .LVU360
 1532              		.loc 1 422 19 is_stmt 0 view .LVU361
 1533 0066 0199     		ldr	r1, [sp, #4]	@ float
 1534 0068 3046     		mov	r0, r6
 1535 006a FFF7FEFF 		bl	__aeabi_fsub
 1536              	.LVL197:
 1537 006e 0646     		mov	r6, r0
 1538 0070 E060     		str	r0, [r4, #12]	@ float
 423:Core/Src/main.c ****   filter->P[1][0] -= dt * filter->P[1][1];
 1539              		.loc 1 423 3 is_stmt 1 view .LVU362
 1540              		.loc 1 423 19 is_stmt 0 view .LVU363
 1541 0072 0199     		ldr	r1, [sp, #4]	@ float
 1542 0074 5846     		mov	r0, fp
 1543 0076 FFF7FEFF 		bl	__aeabi_fsub
 1544              	.LVL198:
 1545 007a 8346     		mov	fp, r0
ARM GAS  C:\Users\·\AppData\Local\Temp\ccg6e0Ld.s 			page 36


 1546 007c 2061     		str	r0, [r4, #16]	@ float
 424:Core/Src/main.c ****   filter->P[1][1] += filter->Q_bias * dt;
 1547              		.loc 1 424 3 is_stmt 1 view .LVU364
 1548              		.loc 1 424 37 is_stmt 0 view .LVU365
 1549 007e 3946     		mov	r1, r7
 1550 0080 E069     		ldr	r0, [r4, #28]	@ float
 1551 0082 FFF7FEFF 		bl	__aeabi_fmul
 1552              	.LVL199:
 1553 0086 0146     		mov	r1, r0
 1554              		.loc 1 424 19 view .LVU366
 1555 0088 5046     		mov	r0, r10
 1556 008a FFF7FEFF 		bl	__aeabi_fadd
 1557              	.LVL200:
 1558 008e 0390     		str	r0, [sp, #12]	@ float
 1559 0090 6061     		str	r0, [r4, #20]	@ float
 425:Core/Src/main.c ****   
 426:Core/Src/main.c ****   // 更新步骤
 427:Core/Src/main.c ****   float y = newAngle - filter->angle;
 1560              		.loc 1 427 3 is_stmt 1 view .LVU367
 1561              		.loc 1 427 9 is_stmt 0 view .LVU368
 1562 0092 4146     		mov	r1, r8
 1563 0094 0298     		ldr	r0, [sp, #8]	@ float
 1564 0096 FFF7FEFF 		bl	__aeabi_fsub
 1565              	.LVL201:
 1566 009a 0190     		str	r0, [sp, #4]	@ float
 1567              	.LVL202:
 428:Core/Src/main.c ****   float S = filter->P[0][0] + filter->measure;
 1568              		.loc 1 428 3 is_stmt 1 view .LVU369
 1569              		.loc 1 428 9 is_stmt 0 view .LVU370
 1570 009c 216A     		ldr	r1, [r4, #32]	@ float
 1571 009e 2846     		mov	r0, r5
 1572              	.LVL203:
 1573              		.loc 1 428 9 view .LVU371
 1574 00a0 FFF7FEFF 		bl	__aeabi_fadd
 1575              	.LVL204:
 1576 00a4 0746     		mov	r7, r0
 1577              	.LVL205:
 429:Core/Src/main.c ****   float K[2];
 1578              		.loc 1 429 3 is_stmt 1 view .LVU372
 430:Core/Src/main.c ****   K[0] = filter->P[0][0] / S;
 1579              		.loc 1 430 3 view .LVU373
 1580              		.loc 1 430 26 is_stmt 0 view .LVU374
 1581 00a6 0146     		mov	r1, r0
 1582 00a8 2846     		mov	r0, r5
 1583              	.LVL206:
 1584              		.loc 1 430 26 view .LVU375
 1585 00aa FFF7FEFF 		bl	__aeabi_fdiv
 1586              	.LVL207:
 1587              		.loc 1 430 26 view .LVU376
 1588 00ae 8246     		mov	r10, r0
 1589              		.loc 1 430 8 view .LVU377
 1590 00b0 0490     		str	r0, [sp, #16]	@ float
 431:Core/Src/main.c ****   K[1] = filter->P[1][0] / S;
 1591              		.loc 1 431 3 is_stmt 1 view .LVU378
 1592              		.loc 1 431 26 is_stmt 0 view .LVU379
 1593 00b2 3946     		mov	r1, r7
 1594 00b4 5846     		mov	r0, fp
ARM GAS  C:\Users\·\AppData\Local\Temp\ccg6e0Ld.s 			page 37


 1595 00b6 FFF7FEFF 		bl	__aeabi_fdiv
 1596              	.LVL208:
 1597 00ba 0746     		mov	r7, r0
 1598              	.LVL209:
 1599              		.loc 1 431 8 view .LVU380
 1600 00bc 0590     		str	r0, [sp, #20]	@ float
 432:Core/Src/main.c ****   
 433:Core/Src/main.c ****   filter->angle += K[0] * y;
 1601              		.loc 1 433 3 is_stmt 1 view .LVU381
 1602              		.loc 1 433 25 is_stmt 0 view .LVU382
 1603 00be 0199     		ldr	r1, [sp, #4]	@ float
 1604 00c0 5046     		mov	r0, r10
 1605 00c2 FFF7FEFF 		bl	__aeabi_fmul
 1606              	.LVL210:
 1607 00c6 0146     		mov	r1, r0
 1608              		.loc 1 433 17 view .LVU383
 1609 00c8 4046     		mov	r0, r8
 1610 00ca FFF7FEFF 		bl	__aeabi_fadd
 1611              	.LVL211:
 1612 00ce 8046     		mov	r8, r0
 1613 00d0 2060     		str	r0, [r4]	@ float
 434:Core/Src/main.c ****   filter->bias += K[1] * y;
 1614              		.loc 1 434 3 is_stmt 1 view .LVU384
 1615              		.loc 1 434 24 is_stmt 0 view .LVU385
 1616 00d2 0199     		ldr	r1, [sp, #4]	@ float
 1617 00d4 3846     		mov	r0, r7
 1618 00d6 FFF7FEFF 		bl	__aeabi_fmul
 1619              	.LVL212:
 1620 00da 0146     		mov	r1, r0
 1621              		.loc 1 434 16 view .LVU386
 1622 00dc 4846     		mov	r0, r9
 1623 00de FFF7FEFF 		bl	__aeabi_fadd
 1624              	.LVL213:
 1625 00e2 6060     		str	r0, [r4, #4]	@ float
 435:Core/Src/main.c ****   
 436:Core/Src/main.c ****   float P00_temp = filter->P[0][0];
 1626              		.loc 1 436 3 is_stmt 1 view .LVU387
 1627              	.LVL214:
 437:Core/Src/main.c ****   float P01_temp = filter->P[0][1];
 1628              		.loc 1 437 3 view .LVU388
 438:Core/Src/main.c ****   
 439:Core/Src/main.c ****   filter->P[0][0] -= K[0] * P00_temp;
 1629              		.loc 1 439 3 view .LVU389
 1630              		.loc 1 439 27 is_stmt 0 view .LVU390
 1631 00e4 5146     		mov	r1, r10
 1632 00e6 2846     		mov	r0, r5
 1633 00e8 FFF7FEFF 		bl	__aeabi_fmul
 1634              	.LVL215:
 1635 00ec 0146     		mov	r1, r0
 1636              		.loc 1 439 19 view .LVU391
 1637 00ee 2846     		mov	r0, r5
 1638 00f0 FFF7FEFF 		bl	__aeabi_fsub
 1639              	.LVL216:
 1640 00f4 A060     		str	r0, [r4, #8]	@ float
 440:Core/Src/main.c ****   filter->P[0][1] -= K[0] * P01_temp;
 1641              		.loc 1 440 3 is_stmt 1 view .LVU392
 1642              		.loc 1 440 27 is_stmt 0 view .LVU393
ARM GAS  C:\Users\·\AppData\Local\Temp\ccg6e0Ld.s 			page 38


 1643 00f6 5146     		mov	r1, r10
 1644 00f8 3046     		mov	r0, r6
 1645 00fa FFF7FEFF 		bl	__aeabi_fmul
 1646              	.LVL217:
 1647 00fe 0146     		mov	r1, r0
 1648              		.loc 1 440 19 view .LVU394
 1649 0100 3046     		mov	r0, r6
 1650 0102 FFF7FEFF 		bl	__aeabi_fsub
 1651              	.LVL218:
 1652 0106 E060     		str	r0, [r4, #12]	@ float
 441:Core/Src/main.c ****   filter->P[1][0] -= K[1] * P00_temp;
 1653              		.loc 1 441 3 is_stmt 1 view .LVU395
 1654              		.loc 1 441 27 is_stmt 0 view .LVU396
 1655 0108 3946     		mov	r1, r7
 1656 010a 2846     		mov	r0, r5
 1657 010c FFF7FEFF 		bl	__aeabi_fmul
 1658              	.LVL219:
 1659 0110 0146     		mov	r1, r0
 1660              		.loc 1 441 19 view .LVU397
 1661 0112 5846     		mov	r0, fp
 1662 0114 FFF7FEFF 		bl	__aeabi_fsub
 1663              	.LVL220:
 1664 0118 2061     		str	r0, [r4, #16]	@ float
 442:Core/Src/main.c ****   filter->P[1][1] -= K[1] * P01_temp;
 1665              		.loc 1 442 3 is_stmt 1 view .LVU398
 1666              		.loc 1 442 27 is_stmt 0 view .LVU399
 1667 011a 3946     		mov	r1, r7
 1668 011c 3046     		mov	r0, r6
 1669 011e FFF7FEFF 		bl	__aeabi_fmul
 1670              	.LVL221:
 1671 0122 0146     		mov	r1, r0
 1672              		.loc 1 442 19 view .LVU400
 1673 0124 0398     		ldr	r0, [sp, #12]	@ float
 1674 0126 FFF7FEFF 		bl	__aeabi_fsub
 1675              	.LVL222:
 1676 012a 6061     		str	r0, [r4, #20]	@ float
 443:Core/Src/main.c ****   
 444:Core/Src/main.c ****   return filter->angle;
 1677              		.loc 1 444 3 is_stmt 1 view .LVU401
 445:Core/Src/main.c **** }
 1678              		.loc 1 445 1 is_stmt 0 view .LVU402
 1679 012c 4046     		mov	r0, r8
 1680 012e 07B0     		add	sp, sp, #28
 1681              	.LCFI23:
 1682              		.cfi_def_cfa_offset 36
 1683              		@ sp needed
 1684 0130 BDE8F08F 		pop	{r4, r5, r6, r7, r8, r9, r10, fp, pc}
 1685              		.loc 1 445 1 view .LVU403
 1686              		.cfi_endproc
 1687              	.LFE75:
 1689              		.section	.text.calculateAccelAngles,"ax",%progbits
 1690              		.align	1
 1691              		.global	calculateAccelAngles
 1692              		.syntax unified
 1693              		.thumb
 1694              		.thumb_func
 1696              	calculateAccelAngles:
ARM GAS  C:\Users\·\AppData\Local\Temp\ccg6e0Ld.s 			page 39


 1697              	.LVL223:
 1698              	.LFB76:
 446:Core/Src/main.c **** 
 447:Core/Src/main.c **** void calculateAccelAngles(float *accel_roll, float *accel_pitch) 
 448:Core/Src/main.c **** {
 1699              		.loc 1 448 1 is_stmt 1 view -0
 1700              		.cfi_startproc
 1701              		@ args = 0, pretend = 0, frame = 0
 1702              		@ frame_needed = 0, uses_anonymous_args = 0
 1703              		.loc 1 448 1 is_stmt 0 view .LVU405
 1704 0000 2DE9F041 		push	{r4, r5, r6, r7, r8, lr}
 1705              	.LCFI24:
 1706              		.cfi_def_cfa_offset 24
 1707              		.cfi_offset 4, -24
 1708              		.cfi_offset 5, -20
 1709              		.cfi_offset 6, -16
 1710              		.cfi_offset 7, -12
 1711              		.cfi_offset 8, -8
 1712              		.cfi_offset 14, -4
 1713 0004 8046     		mov	r8, r0
 1714 0006 0F46     		mov	r7, r1
 449:Core/Src/main.c ****   // 将原始整数值转换为物理量
 450:Core/Src/main.c ****   float accel_factor = 16384.0f;
 1715              		.loc 1 450 3 is_stmt 1 view .LVU406
 1716              	.LVL224:
 451:Core/Src/main.c ****   float ax = MPU6050_Data.accel_x / accel_factor;
 1717              		.loc 1 451 3 view .LVU407
 1718              		.loc 1 451 26 is_stmt 0 view .LVU408
 1719 0008 2B4D     		ldr	r5, .L48+8
 1720              		.loc 1 451 35 view .LVU409
 1721 000a B5F90000 		ldrsh	r0, [r5]
 1722              	.LVL225:
 1723              		.loc 1 451 35 view .LVU410
 1724 000e FFF7FEFF 		bl	__aeabi_i2f
 1725              	.LVL226:
 1726              		.loc 1 451 9 view .LVU411
 1727 0012 4FF06251 		mov	r1, #947912704
 1728 0016 FFF7FEFF 		bl	__aeabi_fmul
 1729              	.LVL227:
 1730 001a 0446     		mov	r4, r0
 1731              	.LVL228:
 452:Core/Src/main.c ****   float ay = MPU6050_Data.accel_y / accel_factor;
 1732              		.loc 1 452 3 is_stmt 1 view .LVU412
 1733              		.loc 1 452 35 is_stmt 0 view .LVU413
 1734 001c B5F90200 		ldrsh	r0, [r5, #2]
 1735              	.LVL229:
 1736              		.loc 1 452 35 view .LVU414
 1737 0020 FFF7FEFF 		bl	__aeabi_i2f
 1738              	.LVL230:
 1739              		.loc 1 452 9 view .LVU415
 1740 0024 4FF06251 		mov	r1, #947912704
 1741 0028 FFF7FEFF 		bl	__aeabi_fmul
 1742              	.LVL231:
 1743 002c 0646     		mov	r6, r0
 1744              	.LVL232:
 453:Core/Src/main.c ****   float az = MPU6050_Data.accel_z / accel_factor;
 1745              		.loc 1 453 3 is_stmt 1 view .LVU416
ARM GAS  C:\Users\·\AppData\Local\Temp\ccg6e0Ld.s 			page 40


 1746              		.loc 1 453 35 is_stmt 0 view .LVU417
 1747 002e B5F90400 		ldrsh	r0, [r5, #4]
 1748              	.LVL233:
 1749              		.loc 1 453 35 view .LVU418
 1750 0032 FFF7FEFF 		bl	__aeabi_i2f
 1751              	.LVL234:
 1752              		.loc 1 453 9 view .LVU419
 1753 0036 4FF06251 		mov	r1, #947912704
 1754 003a FFF7FEFF 		bl	__aeabi_fmul
 1755              	.LVL235:
 1756 003e 0546     		mov	r5, r0
 1757              	.LVL236:
 454:Core/Src/main.c ****   
 455:Core/Src/main.c ****   // 加速度计计算
 456:Core/Src/main.c ****   *accel_roll = atan2f(ay, az) * 180.0f / M_PI;
 1758              		.loc 1 456 3 is_stmt 1 view .LVU420
 1759              		.loc 1 456 17 is_stmt 0 view .LVU421
 1760 0040 0146     		mov	r1, r0
 1761 0042 3046     		mov	r0, r6
 1762              	.LVL237:
 1763              		.loc 1 456 17 view .LVU422
 1764 0044 FFF7FEFF 		bl	atan2f
 1765              	.LVL238:
 1766              		.loc 1 456 32 discriminator 1 view .LVU423
 1767 0048 1C49     		ldr	r1, .L48+12
 1768 004a FFF7FEFF 		bl	__aeabi_fmul
 1769              	.LVL239:
 1770 004e FFF7FEFF 		bl	__aeabi_f2d
 1771              	.LVL240:
 1772              		.loc 1 456 41 discriminator 1 view .LVU424
 1773 0052 17A3     		adr	r3, .L48
 1774 0054 D3E90023 		ldrd	r2, [r3]
 1775 0058 FFF7FEFF 		bl	__aeabi_ddiv
 1776              	.LVL241:
 1777 005c FFF7FEFF 		bl	__aeabi_d2f
 1778              	.LVL242:
 1779              		.loc 1 456 15 discriminator 1 view .LVU425
 1780 0060 C8F80000 		str	r0, [r8]	@ float
 457:Core/Src/main.c ****   *accel_pitch = atan2f(-ax, sqrtf(ay * ay + az * az)) * 180.0f / M_PI;
 1781              		.loc 1 457 3 is_stmt 1 view .LVU426
 1782              		.loc 1 457 39 is_stmt 0 view .LVU427
 1783 0064 3146     		mov	r1, r6
 1784 0066 3046     		mov	r0, r6
 1785 0068 FFF7FEFF 		bl	__aeabi_fmul
 1786              	.LVL243:
 1787 006c 0646     		mov	r6, r0
 1788              	.LVL244:
 1789              		.loc 1 457 49 view .LVU428
 1790 006e 2946     		mov	r1, r5
 1791 0070 2846     		mov	r0, r5
 1792 0072 FFF7FEFF 		bl	__aeabi_fmul
 1793              	.LVL245:
 1794 0076 0146     		mov	r1, r0
 1795              		.loc 1 457 18 view .LVU429
 1796 0078 3046     		mov	r0, r6
 1797 007a FFF7FEFF 		bl	__aeabi_fadd
 1798              	.LVL246:
ARM GAS  C:\Users\·\AppData\Local\Temp\ccg6e0Ld.s 			page 41


 1799 007e FFF7FEFF 		bl	sqrtf
 1800              	.LVL247:
 1801 0082 0146     		mov	r1, r0
 1802 0084 04F10040 		add	r0, r4, #-2147483648
 1803              		.loc 1 457 18 discriminator 1 view .LVU430
 1804 0088 FFF7FEFF 		bl	atan2f
 1805              	.LVL248:
 1806              		.loc 1 457 56 discriminator 2 view .LVU431
 1807 008c 0B49     		ldr	r1, .L48+12
 1808 008e FFF7FEFF 		bl	__aeabi_fmul
 1809              	.LVL249:
 1810 0092 FFF7FEFF 		bl	__aeabi_f2d
 1811              	.LVL250:
 1812              		.loc 1 457 65 discriminator 2 view .LVU432
 1813 0096 06A3     		adr	r3, .L48
 1814 0098 D3E90023 		ldrd	r2, [r3]
 1815 009c FFF7FEFF 		bl	__aeabi_ddiv
 1816              	.LVL251:
 1817 00a0 FFF7FEFF 		bl	__aeabi_d2f
 1818              	.LVL252:
 1819              		.loc 1 457 16 discriminator 2 view .LVU433
 1820 00a4 3860     		str	r0, [r7]	@ float
 458:Core/Src/main.c **** }
 1821              		.loc 1 458 1 view .LVU434
 1822 00a6 BDE8F081 		pop	{r4, r5, r6, r7, r8, pc}
 1823              	.LVL253:
 1824              	.L49:
 1825              		.loc 1 458 1 view .LVU435
 1826 00aa 00BFAFF3 		.align	3
 1826      0080
 1827              	.L48:
 1828 00b0 4AD8124D 		.word	1293080650
 1829 00b4 FB210940 		.word	1074340347
 1830 00b8 00000000 		.word	MPU6050_Data
 1831 00bc 00003443 		.word	1127481344
 1832              		.cfi_endproc
 1833              	.LFE76:
 1835              		.section	.text.complementaryFilter,"ax",%progbits
 1836              		.align	1
 1837              		.global	complementaryFilter
 1838              		.syntax unified
 1839              		.thumb
 1840              		.thumb_func
 1842              	complementaryFilter:
 1843              	.LVL254:
 1844              	.LFB77:
 459:Core/Src/main.c **** 
 460:Core/Src/main.c **** // 添加互补滤波器函数
 461:Core/Src/main.c **** void complementaryFilter(float *angle, float accel_angle, float gyro_rate, float dt, float alpha) 
 462:Core/Src/main.c **** {
 1845              		.loc 1 462 1 is_stmt 1 view -0
 1846              		.cfi_startproc
 1847              		@ args = 4, pretend = 0, frame = 0
 1848              		@ frame_needed = 0, uses_anonymous_args = 0
 1849              		.loc 1 462 1 is_stmt 0 view .LVU437
 1850 0000 F8B5     		push	{r3, r4, r5, r6, r7, lr}
 1851              	.LCFI25:
ARM GAS  C:\Users\·\AppData\Local\Temp\ccg6e0Ld.s 			page 42


 1852              		.cfi_def_cfa_offset 24
 1853              		.cfi_offset 3, -24
 1854              		.cfi_offset 4, -20
 1855              		.cfi_offset 5, -16
 1856              		.cfi_offset 6, -12
 1857              		.cfi_offset 7, -8
 1858              		.cfi_offset 14, -4
 1859 0002 0446     		mov	r4, r0
 1860 0004 0E46     		mov	r6, r1
 1861 0006 069F     		ldr	r7, [sp, #24]	@ float
 463:Core/Src/main.c ****     *angle = alpha * (*angle + gyro_rate * dt) + (1.0f - alpha) * accel_angle;
 1862              		.loc 1 463 5 is_stmt 1 view .LVU438
 1863              		.loc 1 463 23 is_stmt 0 view .LVU439
 1864 0008 0568     		ldr	r5, [r0]	@ float
 1865              		.loc 1 463 42 view .LVU440
 1866 000a 1946     		mov	r1, r3
 1867              	.LVL255:
 1868              		.loc 1 463 42 view .LVU441
 1869 000c 1046     		mov	r0, r2
 1870              	.LVL256:
 1871              		.loc 1 463 42 view .LVU442
 1872 000e FFF7FEFF 		bl	__aeabi_fmul
 1873              	.LVL257:
 1874              		.loc 1 463 42 view .LVU443
 1875 0012 0146     		mov	r1, r0
 1876              		.loc 1 463 30 view .LVU444
 1877 0014 2846     		mov	r0, r5
 1878 0016 FFF7FEFF 		bl	__aeabi_fadd
 1879              	.LVL258:
 1880              		.loc 1 463 20 view .LVU445
 1881 001a 3946     		mov	r1, r7
 1882 001c FFF7FEFF 		bl	__aeabi_fmul
 1883              	.LVL259:
 1884 0020 0546     		mov	r5, r0
 1885              		.loc 1 463 56 view .LVU446
 1886 0022 3946     		mov	r1, r7
 1887 0024 4FF07E50 		mov	r0, #1065353216
 1888 0028 FFF7FEFF 		bl	__aeabi_fsub
 1889              	.LVL260:
 1890              		.loc 1 463 65 view .LVU447
 1891 002c 3146     		mov	r1, r6
 1892 002e FFF7FEFF 		bl	__aeabi_fmul
 1893              	.LVL261:
 1894 0032 0146     		mov	r1, r0
 1895              		.loc 1 463 48 view .LVU448
 1896 0034 2846     		mov	r0, r5
 1897 0036 FFF7FEFF 		bl	__aeabi_fadd
 1898              	.LVL262:
 1899              		.loc 1 463 12 view .LVU449
 1900 003a 2060     		str	r0, [r4]	@ float
 464:Core/Src/main.c **** }
 1901              		.loc 1 464 1 view .LVU450
 1902 003c F8BD     		pop	{r3, r4, r5, r6, r7, pc}
 1903              		.loc 1 464 1 view .LVU451
 1904              		.cfi_endproc
 1905              	.LFE77:
 1907              		.section	.text.Error_Handler,"ax",%progbits
ARM GAS  C:\Users\·\AppData\Local\Temp\ccg6e0Ld.s 			page 43


 1908              		.align	1
 1909              		.global	Error_Handler
 1910              		.syntax unified
 1911              		.thumb
 1912              		.thumb_func
 1914              	Error_Handler:
 1915              	.LFB78:
 465:Core/Src/main.c **** /* USER CODE END 4 */
 466:Core/Src/main.c **** 
 467:Core/Src/main.c **** /**
 468:Core/Src/main.c ****   * @brief  This function is executed in case of error occurrence.
 469:Core/Src/main.c ****   * @retval None
 470:Core/Src/main.c ****   */
 471:Core/Src/main.c **** void Error_Handler(void)
 472:Core/Src/main.c **** {
 1916              		.loc 1 472 1 is_stmt 1 view -0
 1917              		.cfi_startproc
 1918              		@ Volatile: function does not return.
 1919              		@ args = 0, pretend = 0, frame = 0
 1920              		@ frame_needed = 0, uses_anonymous_args = 0
 1921              		@ link register save eliminated.
 473:Core/Src/main.c ****   /* USER CODE BEGIN Error_Handler_Debug */
 474:Core/Src/main.c ****   /* User can add his own implementation to report the HAL error return state */
 475:Core/Src/main.c ****   __disable_irq();
 1922              		.loc 1 475 3 view .LVU453
 1923              	.LBB5:
 1924              	.LBI5:
 1925              		.file 2 "Drivers/CMSIS/Include/cmsis_gcc.h"
   1:Drivers/CMSIS/Include/cmsis_gcc.h **** /**************************************************************************//**
   2:Drivers/CMSIS/Include/cmsis_gcc.h ****  * @file     cmsis_gcc.h
   3:Drivers/CMSIS/Include/cmsis_gcc.h ****  * @brief    CMSIS compiler GCC header file
   4:Drivers/CMSIS/Include/cmsis_gcc.h ****  * @version  V5.0.4
   5:Drivers/CMSIS/Include/cmsis_gcc.h ****  * @date     09. April 2018
   6:Drivers/CMSIS/Include/cmsis_gcc.h ****  ******************************************************************************/
   7:Drivers/CMSIS/Include/cmsis_gcc.h **** /*
   8:Drivers/CMSIS/Include/cmsis_gcc.h ****  * Copyright (c) 2009-2018 Arm Limited. All rights reserved.
   9:Drivers/CMSIS/Include/cmsis_gcc.h ****  *
  10:Drivers/CMSIS/Include/cmsis_gcc.h ****  * SPDX-License-Identifier: Apache-2.0
  11:Drivers/CMSIS/Include/cmsis_gcc.h ****  *
  12:Drivers/CMSIS/Include/cmsis_gcc.h ****  * Licensed under the Apache License, Version 2.0 (the License); you may
  13:Drivers/CMSIS/Include/cmsis_gcc.h ****  * not use this file except in compliance with the License.
  14:Drivers/CMSIS/Include/cmsis_gcc.h ****  * You may obtain a copy of the License at
  15:Drivers/CMSIS/Include/cmsis_gcc.h ****  *
  16:Drivers/CMSIS/Include/cmsis_gcc.h ****  * www.apache.org/licenses/LICENSE-2.0
  17:Drivers/CMSIS/Include/cmsis_gcc.h ****  *
  18:Drivers/CMSIS/Include/cmsis_gcc.h ****  * Unless required by applicable law or agreed to in writing, software
  19:Drivers/CMSIS/Include/cmsis_gcc.h ****  * distributed under the License is distributed on an AS IS BASIS, WITHOUT
  20:Drivers/CMSIS/Include/cmsis_gcc.h ****  * WARRANTIES OR CONDITIONS OF ANY KIND, either express or implied.
  21:Drivers/CMSIS/Include/cmsis_gcc.h ****  * See the License for the specific language governing permissions and
  22:Drivers/CMSIS/Include/cmsis_gcc.h ****  * limitations under the License.
  23:Drivers/CMSIS/Include/cmsis_gcc.h ****  */
  24:Drivers/CMSIS/Include/cmsis_gcc.h **** 
  25:Drivers/CMSIS/Include/cmsis_gcc.h **** #ifndef __CMSIS_GCC_H
  26:Drivers/CMSIS/Include/cmsis_gcc.h **** #define __CMSIS_GCC_H
  27:Drivers/CMSIS/Include/cmsis_gcc.h **** 
  28:Drivers/CMSIS/Include/cmsis_gcc.h **** /* ignore some GCC warnings */
  29:Drivers/CMSIS/Include/cmsis_gcc.h **** #pragma GCC diagnostic push
ARM GAS  C:\Users\·\AppData\Local\Temp\ccg6e0Ld.s 			page 44


  30:Drivers/CMSIS/Include/cmsis_gcc.h **** #pragma GCC diagnostic ignored "-Wsign-conversion"
  31:Drivers/CMSIS/Include/cmsis_gcc.h **** #pragma GCC diagnostic ignored "-Wconversion"
  32:Drivers/CMSIS/Include/cmsis_gcc.h **** #pragma GCC diagnostic ignored "-Wunused-parameter"
  33:Drivers/CMSIS/Include/cmsis_gcc.h **** 
  34:Drivers/CMSIS/Include/cmsis_gcc.h **** /* Fallback for __has_builtin */
  35:Drivers/CMSIS/Include/cmsis_gcc.h **** #ifndef __has_builtin
  36:Drivers/CMSIS/Include/cmsis_gcc.h ****   #define __has_builtin(x) (0)
  37:Drivers/CMSIS/Include/cmsis_gcc.h **** #endif
  38:Drivers/CMSIS/Include/cmsis_gcc.h **** 
  39:Drivers/CMSIS/Include/cmsis_gcc.h **** /* CMSIS compiler specific defines */
  40:Drivers/CMSIS/Include/cmsis_gcc.h **** #ifndef   __ASM
  41:Drivers/CMSIS/Include/cmsis_gcc.h ****   #define __ASM                                  __asm
  42:Drivers/CMSIS/Include/cmsis_gcc.h **** #endif
  43:Drivers/CMSIS/Include/cmsis_gcc.h **** #ifndef   __INLINE
  44:Drivers/CMSIS/Include/cmsis_gcc.h ****   #define __INLINE                               inline
  45:Drivers/CMSIS/Include/cmsis_gcc.h **** #endif
  46:Drivers/CMSIS/Include/cmsis_gcc.h **** #ifndef   __STATIC_INLINE
  47:Drivers/CMSIS/Include/cmsis_gcc.h ****   #define __STATIC_INLINE                        static inline
  48:Drivers/CMSIS/Include/cmsis_gcc.h **** #endif
  49:Drivers/CMSIS/Include/cmsis_gcc.h **** #ifndef   __STATIC_FORCEINLINE                 
  50:Drivers/CMSIS/Include/cmsis_gcc.h ****   #define __STATIC_FORCEINLINE                   __attribute__((always_inline)) static inline
  51:Drivers/CMSIS/Include/cmsis_gcc.h **** #endif                                           
  52:Drivers/CMSIS/Include/cmsis_gcc.h **** #ifndef   __NO_RETURN
  53:Drivers/CMSIS/Include/cmsis_gcc.h ****   #define __NO_RETURN                            __attribute__((__noreturn__))
  54:Drivers/CMSIS/Include/cmsis_gcc.h **** #endif
  55:Drivers/CMSIS/Include/cmsis_gcc.h **** #ifndef   __USED
  56:Drivers/CMSIS/Include/cmsis_gcc.h ****   #define __USED                                 __attribute__((used))
  57:Drivers/CMSIS/Include/cmsis_gcc.h **** #endif
  58:Drivers/CMSIS/Include/cmsis_gcc.h **** #ifndef   __WEAK
  59:Drivers/CMSIS/Include/cmsis_gcc.h ****   #define __WEAK                                 __attribute__((weak))
  60:Drivers/CMSIS/Include/cmsis_gcc.h **** #endif
  61:Drivers/CMSIS/Include/cmsis_gcc.h **** #ifndef   __PACKED
  62:Drivers/CMSIS/Include/cmsis_gcc.h ****   #define __PACKED                               __attribute__((packed, aligned(1)))
  63:Drivers/CMSIS/Include/cmsis_gcc.h **** #endif
  64:Drivers/CMSIS/Include/cmsis_gcc.h **** #ifndef   __PACKED_STRUCT
  65:Drivers/CMSIS/Include/cmsis_gcc.h ****   #define __PACKED_STRUCT                        struct __attribute__((packed, aligned(1)))
  66:Drivers/CMSIS/Include/cmsis_gcc.h **** #endif
  67:Drivers/CMSIS/Include/cmsis_gcc.h **** #ifndef   __PACKED_UNION
  68:Drivers/CMSIS/Include/cmsis_gcc.h ****   #define __PACKED_UNION                         union __attribute__((packed, aligned(1)))
  69:Drivers/CMSIS/Include/cmsis_gcc.h **** #endif
  70:Drivers/CMSIS/Include/cmsis_gcc.h **** #ifndef   __UNALIGNED_UINT32        /* deprecated */
  71:Drivers/CMSIS/Include/cmsis_gcc.h ****   #pragma GCC diagnostic push
  72:Drivers/CMSIS/Include/cmsis_gcc.h ****   #pragma GCC diagnostic ignored "-Wpacked"
  73:Drivers/CMSIS/Include/cmsis_gcc.h ****   #pragma GCC diagnostic ignored "-Wattributes"
  74:Drivers/CMSIS/Include/cmsis_gcc.h ****   struct __attribute__((packed)) T_UINT32 { uint32_t v; };
  75:Drivers/CMSIS/Include/cmsis_gcc.h ****   #pragma GCC diagnostic pop
  76:Drivers/CMSIS/Include/cmsis_gcc.h ****   #define __UNALIGNED_UINT32(x)                  (((struct T_UINT32 *)(x))->v)
  77:Drivers/CMSIS/Include/cmsis_gcc.h **** #endif
  78:Drivers/CMSIS/Include/cmsis_gcc.h **** #ifndef   __UNALIGNED_UINT16_WRITE
  79:Drivers/CMSIS/Include/cmsis_gcc.h ****   #pragma GCC diagnostic push
  80:Drivers/CMSIS/Include/cmsis_gcc.h ****   #pragma GCC diagnostic ignored "-Wpacked"
  81:Drivers/CMSIS/Include/cmsis_gcc.h ****   #pragma GCC diagnostic ignored "-Wattributes"
  82:Drivers/CMSIS/Include/cmsis_gcc.h ****   __PACKED_STRUCT T_UINT16_WRITE { uint16_t v; };
  83:Drivers/CMSIS/Include/cmsis_gcc.h ****   #pragma GCC diagnostic pop
  84:Drivers/CMSIS/Include/cmsis_gcc.h ****   #define __UNALIGNED_UINT16_WRITE(addr, val)    (void)((((struct T_UINT16_WRITE *)(void *)(addr))-
  85:Drivers/CMSIS/Include/cmsis_gcc.h **** #endif
  86:Drivers/CMSIS/Include/cmsis_gcc.h **** #ifndef   __UNALIGNED_UINT16_READ
ARM GAS  C:\Users\·\AppData\Local\Temp\ccg6e0Ld.s 			page 45


  87:Drivers/CMSIS/Include/cmsis_gcc.h ****   #pragma GCC diagnostic push
  88:Drivers/CMSIS/Include/cmsis_gcc.h ****   #pragma GCC diagnostic ignored "-Wpacked"
  89:Drivers/CMSIS/Include/cmsis_gcc.h ****   #pragma GCC diagnostic ignored "-Wattributes"
  90:Drivers/CMSIS/Include/cmsis_gcc.h ****   __PACKED_STRUCT T_UINT16_READ { uint16_t v; };
  91:Drivers/CMSIS/Include/cmsis_gcc.h ****   #pragma GCC diagnostic pop
  92:Drivers/CMSIS/Include/cmsis_gcc.h ****   #define __UNALIGNED_UINT16_READ(addr)          (((const struct T_UINT16_READ *)(const void *)(add
  93:Drivers/CMSIS/Include/cmsis_gcc.h **** #endif
  94:Drivers/CMSIS/Include/cmsis_gcc.h **** #ifndef   __UNALIGNED_UINT32_WRITE
  95:Drivers/CMSIS/Include/cmsis_gcc.h ****   #pragma GCC diagnostic push
  96:Drivers/CMSIS/Include/cmsis_gcc.h ****   #pragma GCC diagnostic ignored "-Wpacked"
  97:Drivers/CMSIS/Include/cmsis_gcc.h ****   #pragma GCC diagnostic ignored "-Wattributes"
  98:Drivers/CMSIS/Include/cmsis_gcc.h ****   __PACKED_STRUCT T_UINT32_WRITE { uint32_t v; };
  99:Drivers/CMSIS/Include/cmsis_gcc.h ****   #pragma GCC diagnostic pop
 100:Drivers/CMSIS/Include/cmsis_gcc.h ****   #define __UNALIGNED_UINT32_WRITE(addr, val)    (void)((((struct T_UINT32_WRITE *)(void *)(addr))-
 101:Drivers/CMSIS/Include/cmsis_gcc.h **** #endif
 102:Drivers/CMSIS/Include/cmsis_gcc.h **** #ifndef   __UNALIGNED_UINT32_READ
 103:Drivers/CMSIS/Include/cmsis_gcc.h ****   #pragma GCC diagnostic push
 104:Drivers/CMSIS/Include/cmsis_gcc.h ****   #pragma GCC diagnostic ignored "-Wpacked"
 105:Drivers/CMSIS/Include/cmsis_gcc.h ****   #pragma GCC diagnostic ignored "-Wattributes"
 106:Drivers/CMSIS/Include/cmsis_gcc.h ****   __PACKED_STRUCT T_UINT32_READ { uint32_t v; };
 107:Drivers/CMSIS/Include/cmsis_gcc.h ****   #pragma GCC diagnostic pop
 108:Drivers/CMSIS/Include/cmsis_gcc.h ****   #define __UNALIGNED_UINT32_READ(addr)          (((const struct T_UINT32_READ *)(const void *)(add
 109:Drivers/CMSIS/Include/cmsis_gcc.h **** #endif
 110:Drivers/CMSIS/Include/cmsis_gcc.h **** #ifndef   __ALIGNED
 111:Drivers/CMSIS/Include/cmsis_gcc.h ****   #define __ALIGNED(x)                           __attribute__((aligned(x)))
 112:Drivers/CMSIS/Include/cmsis_gcc.h **** #endif
 113:Drivers/CMSIS/Include/cmsis_gcc.h **** #ifndef   __RESTRICT
 114:Drivers/CMSIS/Include/cmsis_gcc.h ****   #define __RESTRICT                             __restrict
 115:Drivers/CMSIS/Include/cmsis_gcc.h **** #endif
 116:Drivers/CMSIS/Include/cmsis_gcc.h **** 
 117:Drivers/CMSIS/Include/cmsis_gcc.h **** 
 118:Drivers/CMSIS/Include/cmsis_gcc.h **** /* ###########################  Core Function Access  ########################### */
 119:Drivers/CMSIS/Include/cmsis_gcc.h **** /** \ingroup  CMSIS_Core_FunctionInterface
 120:Drivers/CMSIS/Include/cmsis_gcc.h ****     \defgroup CMSIS_Core_RegAccFunctions CMSIS Core Register Access Functions
 121:Drivers/CMSIS/Include/cmsis_gcc.h ****   @{
 122:Drivers/CMSIS/Include/cmsis_gcc.h ****  */
 123:Drivers/CMSIS/Include/cmsis_gcc.h **** 
 124:Drivers/CMSIS/Include/cmsis_gcc.h **** /**
 125:Drivers/CMSIS/Include/cmsis_gcc.h ****   \brief   Enable IRQ Interrupts
 126:Drivers/CMSIS/Include/cmsis_gcc.h ****   \details Enables IRQ interrupts by clearing the I-bit in the CPSR.
 127:Drivers/CMSIS/Include/cmsis_gcc.h ****            Can only be executed in Privileged modes.
 128:Drivers/CMSIS/Include/cmsis_gcc.h ****  */
 129:Drivers/CMSIS/Include/cmsis_gcc.h **** __STATIC_FORCEINLINE void __enable_irq(void)
 130:Drivers/CMSIS/Include/cmsis_gcc.h **** {
 131:Drivers/CMSIS/Include/cmsis_gcc.h ****   __ASM volatile ("cpsie i" : : : "memory");
 132:Drivers/CMSIS/Include/cmsis_gcc.h **** }
 133:Drivers/CMSIS/Include/cmsis_gcc.h **** 
 134:Drivers/CMSIS/Include/cmsis_gcc.h **** 
 135:Drivers/CMSIS/Include/cmsis_gcc.h **** /**
 136:Drivers/CMSIS/Include/cmsis_gcc.h ****   \brief   Disable IRQ Interrupts
 137:Drivers/CMSIS/Include/cmsis_gcc.h ****   \details Disables IRQ interrupts by setting the I-bit in the CPSR.
 138:Drivers/CMSIS/Include/cmsis_gcc.h ****            Can only be executed in Privileged modes.
 139:Drivers/CMSIS/Include/cmsis_gcc.h ****  */
 140:Drivers/CMSIS/Include/cmsis_gcc.h **** __STATIC_FORCEINLINE void __disable_irq(void)
 1926              		.loc 2 140 27 view .LVU454
 1927              	.LBB6:
 141:Drivers/CMSIS/Include/cmsis_gcc.h **** {
ARM GAS  C:\Users\·\AppData\Local\Temp\ccg6e0Ld.s 			page 46


 142:Drivers/CMSIS/Include/cmsis_gcc.h ****   __ASM volatile ("cpsid i" : : : "memory");
 1928              		.loc 2 142 3 view .LVU455
 1929              		.syntax unified
 1930              	@ 142 "Drivers/CMSIS/Include/cmsis_gcc.h" 1
 1931 0000 72B6     		cpsid i
 1932              	@ 0 "" 2
 1933              		.thumb
 1934              		.syntax unified
 1935              	.L53:
 1936              	.LBE6:
 1937              	.LBE5:
 476:Core/Src/main.c ****   while (1)
 1938              		.loc 1 476 3 view .LVU456
 477:Core/Src/main.c ****   {
 478:Core/Src/main.c ****   }
 1939              		.loc 1 478 3 view .LVU457
 476:Core/Src/main.c ****   while (1)
 1940              		.loc 1 476 9 view .LVU458
 1941 0002 FEE7     		b	.L53
 1942              		.cfi_endproc
 1943              	.LFE78:
 1945              		.section	.text.SystemClock_Config,"ax",%progbits
 1946              		.align	1
 1947              		.global	SystemClock_Config
 1948              		.syntax unified
 1949              		.thumb
 1950              		.thumb_func
 1952              	SystemClock_Config:
 1953              	.LFB66:
 205:Core/Src/main.c ****   RCC_OscInitTypeDef RCC_OscInitStruct = {0};
 1954              		.loc 1 205 1 view -0
 1955              		.cfi_startproc
 1956              		@ args = 0, pretend = 0, frame = 64
 1957              		@ frame_needed = 0, uses_anonymous_args = 0
 1958 0000 00B5     		push	{lr}
 1959              	.LCFI26:
 1960              		.cfi_def_cfa_offset 4
 1961              		.cfi_offset 14, -4
 1962 0002 91B0     		sub	sp, sp, #68
 1963              	.LCFI27:
 1964              		.cfi_def_cfa_offset 72
 206:Core/Src/main.c ****   RCC_ClkInitTypeDef RCC_ClkInitStruct = {0};
 1965              		.loc 1 206 3 view .LVU460
 206:Core/Src/main.c ****   RCC_ClkInitTypeDef RCC_ClkInitStruct = {0};
 1966              		.loc 1 206 22 is_stmt 0 view .LVU461
 1967 0004 2822     		movs	r2, #40
 1968 0006 0021     		movs	r1, #0
 1969 0008 06A8     		add	r0, sp, #24
 1970 000a FFF7FEFF 		bl	memset
 1971              	.LVL263:
 207:Core/Src/main.c **** 
 1972              		.loc 1 207 3 is_stmt 1 view .LVU462
 207:Core/Src/main.c **** 
 1973              		.loc 1 207 22 is_stmt 0 view .LVU463
 1974 000e 0023     		movs	r3, #0
 1975 0010 0193     		str	r3, [sp, #4]
 1976 0012 0293     		str	r3, [sp, #8]
ARM GAS  C:\Users\·\AppData\Local\Temp\ccg6e0Ld.s 			page 47


 1977 0014 0393     		str	r3, [sp, #12]
 1978 0016 0493     		str	r3, [sp, #16]
 1979 0018 0593     		str	r3, [sp, #20]
 212:Core/Src/main.c ****   RCC_OscInitStruct.HSEState = RCC_HSE_ON;
 1980              		.loc 1 212 3 is_stmt 1 view .LVU464
 212:Core/Src/main.c ****   RCC_OscInitStruct.HSEState = RCC_HSE_ON;
 1981              		.loc 1 212 36 is_stmt 0 view .LVU465
 1982 001a 0122     		movs	r2, #1
 1983 001c 0692     		str	r2, [sp, #24]
 213:Core/Src/main.c ****   RCC_OscInitStruct.HSEPredivValue = RCC_HSE_PREDIV_DIV1;
 1984              		.loc 1 213 3 is_stmt 1 view .LVU466
 213:Core/Src/main.c ****   RCC_OscInitStruct.HSEPredivValue = RCC_HSE_PREDIV_DIV1;
 1985              		.loc 1 213 30 is_stmt 0 view .LVU467
 1986 001e 4FF48033 		mov	r3, #65536
 1987 0022 0793     		str	r3, [sp, #28]
 214:Core/Src/main.c ****   RCC_OscInitStruct.HSIState = RCC_HSI_ON;
 1988              		.loc 1 214 3 is_stmt 1 view .LVU468
 215:Core/Src/main.c ****   RCC_OscInitStruct.PLL.PLLState = RCC_PLL_ON;
 1989              		.loc 1 215 3 view .LVU469
 215:Core/Src/main.c ****   RCC_OscInitStruct.PLL.PLLState = RCC_PLL_ON;
 1990              		.loc 1 215 30 is_stmt 0 view .LVU470
 1991 0024 0A92     		str	r2, [sp, #40]
 216:Core/Src/main.c ****   RCC_OscInitStruct.PLL.PLLSource = RCC_PLLSOURCE_HSE;
 1992              		.loc 1 216 3 is_stmt 1 view .LVU471
 216:Core/Src/main.c ****   RCC_OscInitStruct.PLL.PLLSource = RCC_PLLSOURCE_HSE;
 1993              		.loc 1 216 34 is_stmt 0 view .LVU472
 1994 0026 0222     		movs	r2, #2
 1995 0028 0D92     		str	r2, [sp, #52]
 217:Core/Src/main.c ****   RCC_OscInitStruct.PLL.PLLMUL = RCC_PLL_MUL9;
 1996              		.loc 1 217 3 is_stmt 1 view .LVU473
 217:Core/Src/main.c ****   RCC_OscInitStruct.PLL.PLLMUL = RCC_PLL_MUL9;
 1997              		.loc 1 217 35 is_stmt 0 view .LVU474
 1998 002a 0E93     		str	r3, [sp, #56]
 218:Core/Src/main.c ****   if (HAL_RCC_OscConfig(&RCC_OscInitStruct) != HAL_OK)
 1999              		.loc 1 218 3 is_stmt 1 view .LVU475
 218:Core/Src/main.c ****   if (HAL_RCC_OscConfig(&RCC_OscInitStruct) != HAL_OK)
 2000              		.loc 1 218 32 is_stmt 0 view .LVU476
 2001 002c 4FF4E013 		mov	r3, #1835008
 2002 0030 0F93     		str	r3, [sp, #60]
 219:Core/Src/main.c ****   {
 2003              		.loc 1 219 3 is_stmt 1 view .LVU477
 219:Core/Src/main.c ****   {
 2004              		.loc 1 219 7 is_stmt 0 view .LVU478
 2005 0032 06A8     		add	r0, sp, #24
 2006 0034 FFF7FEFF 		bl	HAL_RCC_OscConfig
 2007              	.LVL264:
 219:Core/Src/main.c ****   {
 2008              		.loc 1 219 6 discriminator 1 view .LVU479
 2009 0038 80B9     		cbnz	r0, .L58
 226:Core/Src/main.c ****                               |RCC_CLOCKTYPE_PCLK1|RCC_CLOCKTYPE_PCLK2;
 2010              		.loc 1 226 3 is_stmt 1 view .LVU480
 226:Core/Src/main.c ****                               |RCC_CLOCKTYPE_PCLK1|RCC_CLOCKTYPE_PCLK2;
 2011              		.loc 1 226 31 is_stmt 0 view .LVU481
 2012 003a 0F23     		movs	r3, #15
 2013 003c 0193     		str	r3, [sp, #4]
 228:Core/Src/main.c ****   RCC_ClkInitStruct.AHBCLKDivider = RCC_SYSCLK_DIV1;
 2014              		.loc 1 228 3 is_stmt 1 view .LVU482
ARM GAS  C:\Users\·\AppData\Local\Temp\ccg6e0Ld.s 			page 48


 228:Core/Src/main.c ****   RCC_ClkInitStruct.AHBCLKDivider = RCC_SYSCLK_DIV1;
 2015              		.loc 1 228 34 is_stmt 0 view .LVU483
 2016 003e 0221     		movs	r1, #2
 2017 0040 0291     		str	r1, [sp, #8]
 229:Core/Src/main.c ****   RCC_ClkInitStruct.APB1CLKDivider = RCC_HCLK_DIV2;
 2018              		.loc 1 229 3 is_stmt 1 view .LVU484
 229:Core/Src/main.c ****   RCC_ClkInitStruct.APB1CLKDivider = RCC_HCLK_DIV2;
 2019              		.loc 1 229 35 is_stmt 0 view .LVU485
 2020 0042 0023     		movs	r3, #0
 2021 0044 0393     		str	r3, [sp, #12]
 230:Core/Src/main.c ****   RCC_ClkInitStruct.APB2CLKDivider = RCC_HCLK_DIV1;
 2022              		.loc 1 230 3 is_stmt 1 view .LVU486
 230:Core/Src/main.c ****   RCC_ClkInitStruct.APB2CLKDivider = RCC_HCLK_DIV1;
 2023              		.loc 1 230 36 is_stmt 0 view .LVU487
 2024 0046 4FF48062 		mov	r2, #1024
 2025 004a 0492     		str	r2, [sp, #16]
 231:Core/Src/main.c **** 
 2026              		.loc 1 231 3 is_stmt 1 view .LVU488
 231:Core/Src/main.c **** 
 2027              		.loc 1 231 36 is_stmt 0 view .LVU489
 2028 004c 0593     		str	r3, [sp, #20]
 233:Core/Src/main.c ****   {
 2029              		.loc 1 233 3 is_stmt 1 view .LVU490
 233:Core/Src/main.c ****   {
 2030              		.loc 1 233 7 is_stmt 0 view .LVU491
 2031 004e 01A8     		add	r0, sp, #4
 2032 0050 FFF7FEFF 		bl	HAL_RCC_ClockConfig
 2033              	.LVL265:
 233:Core/Src/main.c ****   {
 2034              		.loc 1 233 6 discriminator 1 view .LVU492
 2035 0054 20B9     		cbnz	r0, .L59
 237:Core/Src/main.c **** 
 2036              		.loc 1 237 1 view .LVU493
 2037 0056 11B0     		add	sp, sp, #68
 2038              	.LCFI28:
 2039              		.cfi_remember_state
 2040              		.cfi_def_cfa_offset 4
 2041              		@ sp needed
 2042 0058 5DF804FB 		ldr	pc, [sp], #4
 2043              	.L58:
 2044              	.LCFI29:
 2045              		.cfi_restore_state
 221:Core/Src/main.c ****   }
 2046              		.loc 1 221 5 is_stmt 1 view .LVU494
 2047 005c FFF7FEFF 		bl	Error_Handler
 2048              	.LVL266:
 2049              	.L59:
 235:Core/Src/main.c ****   }
 2050              		.loc 1 235 5 view .LVU495
 2051 0060 FFF7FEFF 		bl	Error_Handler
 2052              	.LVL267:
 2053              		.cfi_endproc
 2054              	.LFE66:
 2056              		.section	.text.main,"ax",%progbits
 2057              		.align	1
 2058              		.global	main
 2059              		.syntax unified
ARM GAS  C:\Users\·\AppData\Local\Temp\ccg6e0Ld.s 			page 49


 2060              		.thumb
 2061              		.thumb_func
 2063              	main:
 2064              	.LFB65:
 109:Core/Src/main.c **** 
 2065              		.loc 1 109 1 view -0
 2066              		.cfi_startproc
 2067              		@ args = 0, pretend = 0, frame = 24
 2068              		@ frame_needed = 0, uses_anonymous_args = 0
 2069 0000 F0B5     		push	{r4, r5, r6, r7, lr}
 2070              	.LCFI30:
 2071              		.cfi_def_cfa_offset 20
 2072              		.cfi_offset 4, -20
 2073              		.cfi_offset 5, -16
 2074              		.cfi_offset 6, -12
 2075              		.cfi_offset 7, -8
 2076              		.cfi_offset 14, -4
 2077 0002 89B0     		sub	sp, sp, #36
 2078              	.LCFI31:
 2079              		.cfi_def_cfa_offset 56
 118:Core/Src/main.c **** 
 2080              		.loc 1 118 3 view .LVU497
 2081 0004 FFF7FEFF 		bl	HAL_Init
 2082              	.LVL268:
 125:Core/Src/main.c **** 
 2083              		.loc 1 125 3 view .LVU498
 2084 0008 FFF7FEFF 		bl	SystemClock_Config
 2085              	.LVL269:
 132:Core/Src/main.c ****   MX_I2C1_Init();
 2086              		.loc 1 132 3 view .LVU499
 2087 000c FFF7FEFF 		bl	MX_GPIO_Init
 2088              	.LVL270:
 133:Core/Src/main.c ****   /* USER CODE BEGIN 2 */
 2089              		.loc 1 133 3 view .LVU500
 2090 0010 FFF7FEFF 		bl	MX_I2C1_Init
 2091              	.LVL271:
 136:Core/Src/main.c **** 
 2092              		.loc 1 136 3 view .LVU501
 2093 0014 4820     		movs	r0, #72
 2094 0016 FFF7FEFF 		bl	DWT_Init
 2095              	.LVL272:
 138:Core/Src/main.c ****   void MPU6050_read_data(void);
 2096              		.loc 1 138 3 view .LVU502
 139:Core/Src/main.c **** 
 2097              		.loc 1 139 3 view .LVU503
 141:Core/Src/main.c ****   Quaternion multiplyQuaternions(const Quaternion *q1, const Quaternion *q2);
 2098              		.loc 1 141 3 view .LVU504
 142:Core/Src/main.c ****   void updateQuaternion(Quaternion *q, int16_t gx, int16_t gy, int16_t gz, float dt);
 2099              		.loc 1 142 3 view .LVU505
 143:Core/Src/main.c ****   void calculateAngles(Quaternion *q, float *roll, float *pitch, float *yaw);
 2100              		.loc 1 143 3 view .LVU506
 144:Core/Src/main.c **** 
 2101              		.loc 1 144 3 view .LVU507
 146:Core/Src/main.c ****   kalmanInit(&rollKalman, 0.001f, 0.003f, 0.03f);
 2102              		.loc 1 146 3 view .LVU508
 147:Core/Src/main.c ****   kalmanInit(&pitchKalman, 0.001f, 0.003f, 0.03f);
 2103              		.loc 1 147 3 view .LVU509
ARM GAS  C:\Users\·\AppData\Local\Temp\ccg6e0Ld.s 			page 50


 2104 001a 404E     		ldr	r6, .L63
 2105 001c 404D     		ldr	r5, .L63+4
 2106 001e 414C     		ldr	r4, .L63+8
 2107 0020 3346     		mov	r3, r6
 2108 0022 2A46     		mov	r2, r5
 2109 0024 2146     		mov	r1, r4
 2110 0026 4048     		ldr	r0, .L63+12
 2111 0028 FFF7FEFF 		bl	kalmanInit
 2112              	.LVL273:
 148:Core/Src/main.c ****   kalmanInit(&yawKalman, 0.001f, 0.003f, 0.03f);
 2113              		.loc 1 148 3 view .LVU510
 2114 002c 3346     		mov	r3, r6
 2115 002e 2A46     		mov	r2, r5
 2116 0030 2146     		mov	r1, r4
 2117 0032 3E48     		ldr	r0, .L63+16
 2118 0034 FFF7FEFF 		bl	kalmanInit
 2119              	.LVL274:
 149:Core/Src/main.c ****   float kalmanUpdate(KalmanFilter *filter, float newAngle, float newRate, float dt);
 2120              		.loc 1 149 3 view .LVU511
 2121 0038 3346     		mov	r3, r6
 2122 003a 2A46     		mov	r2, r5
 2123 003c 2146     		mov	r1, r4
 2124 003e 3C48     		ldr	r0, .L63+20
 2125 0040 FFF7FEFF 		bl	kalmanInit
 2126              	.LVL275:
 150:Core/Src/main.c ****   void calculateAccelAngles(float *accel_roll, float *accel_pitch); 
 2127              		.loc 1 150 3 view .LVU512
 151:Core/Src/main.c **** 
 2128              		.loc 1 151 3 view .LVU513
 153:Core/Src/main.c **** 
 2129              		.loc 1 153 3 view .LVU514
 155:Core/Src/main.c ****   q.w = 1.0f;
 2130              		.loc 1 155 3 view .LVU515
 155:Core/Src/main.c ****   q.w = 1.0f;
 2131              		.loc 1 155 22 is_stmt 0 view .LVU516
 2132 0044 0023     		movs	r3, #0
 2133 0046 3B4A     		ldr	r2, .L63+24
 2134 0048 1360     		str	r3, [r2]	@ float
 155:Core/Src/main.c ****   q.w = 1.0f;
 2135              		.loc 1 155 16 view .LVU517
 2136 004a 3B4A     		ldr	r2, .L63+28
 2137 004c 1360     		str	r3, [r2]	@ float
 155:Core/Src/main.c ****   q.w = 1.0f;
 2138              		.loc 1 155 8 view .LVU518
 2139 004e 3B4A     		ldr	r2, .L63+32
 2140 0050 1360     		str	r3, [r2]	@ float
 156:Core/Src/main.c ****   q.x = q.y = q.z = 0.0f;
 2141              		.loc 1 156 3 is_stmt 1 view .LVU519
 156:Core/Src/main.c ****   q.x = q.y = q.z = 0.0f;
 2142              		.loc 1 156 7 is_stmt 0 view .LVU520
 2143 0052 3B4A     		ldr	r2, .L63+36
 2144 0054 4FF07E51 		mov	r1, #1065353216
 2145 0058 1160     		str	r1, [r2]	@ float
 157:Core/Src/main.c **** 
 2146              		.loc 1 157 3 is_stmt 1 view .LVU521
 157:Core/Src/main.c **** 
 2147              		.loc 1 157 19 is_stmt 0 view .LVU522
ARM GAS  C:\Users\·\AppData\Local\Temp\ccg6e0Ld.s 			page 51


 2148 005a D360     		str	r3, [r2, #12]	@ float
 157:Core/Src/main.c **** 
 2149              		.loc 1 157 13 view .LVU523
 2150 005c 9360     		str	r3, [r2, #8]	@ float
 157:Core/Src/main.c **** 
 2151              		.loc 1 157 7 view .LVU524
 2152 005e 5360     		str	r3, [r2, #4]	@ float
 2153              	.L61:
 163:Core/Src/main.c ****   {
 2154              		.loc 1 163 3 is_stmt 1 view .LVU525
 2155              	.LBB7:
 165:Core/Src/main.c ****     MPU6050_read_data();
 2156              		.loc 1 165 5 view .LVU526
 165:Core/Src/main.c ****     MPU6050_read_data();
 2157              		.loc 1 165 10 is_stmt 0 view .LVU527
 2158 0060 3848     		ldr	r0, .L63+40
 2159 0062 FFF7FEFF 		bl	DWT_GetDeltaT
 2160              	.LVL276:
 165:Core/Src/main.c ****     MPU6050_read_data();
 2161              		.loc 1 165 8 discriminator 1 view .LVU528
 2162 0066 384D     		ldr	r5, .L63+44
 2163 0068 2860     		str	r0, [r5]	@ float
 166:Core/Src/main.c **** 
 2164              		.loc 1 166 5 is_stmt 1 view .LVU529
 2165 006a FFF7FEFF 		bl	MPU6050_read_data
 2166              	.LVL277:
 168:Core/Src/main.c ****     convertGyroData(MPU6050_Data.gyro_x, MPU6050_Data.gyro_y, MPU6050_Data.gyro_z, 
 2167              		.loc 1 168 5 view .LVU530
 169:Core/Src/main.c ****                     &gx_dps, &gy_dps, &gz_dps);
 2168              		.loc 1 169 5 view .LVU531
 169:Core/Src/main.c ****                     &gx_dps, &gy_dps, &gz_dps);
 2169              		.loc 1 169 33 is_stmt 0 view .LVU532
 2170 006e 374C     		ldr	r4, .L63+48
 169:Core/Src/main.c ****                     &gx_dps, &gy_dps, &gz_dps);
 2171              		.loc 1 169 5 view .LVU533
 2172 0070 05AB     		add	r3, sp, #20
 2173 0072 0193     		str	r3, [sp, #4]
 2174 0074 04AB     		add	r3, sp, #16
 2175 0076 0093     		str	r3, [sp]
 2176 0078 03AB     		add	r3, sp, #12
 2177 007a B4F90A20 		ldrsh	r2, [r4, #10]
 2178 007e B4F90810 		ldrsh	r1, [r4, #8]
 2179 0082 B4F90600 		ldrsh	r0, [r4, #6]
 2180 0086 FFF7FEFF 		bl	convertGyroData
 2181              	.LVL278:
 172:Core/Src/main.c **** 
 2182              		.loc 1 172 5 is_stmt 1 view .LVU534
 2183 008a 2D4E     		ldr	r6, .L63+36
 2184 008c 2B68     		ldr	r3, [r5]	@ float
 2185 008e 0093     		str	r3, [sp]	@ float
 2186 0090 B4F90A30 		ldrsh	r3, [r4, #10]
 2187 0094 B4F90820 		ldrsh	r2, [r4, #8]
 2188 0098 B4F90610 		ldrsh	r1, [r4, #6]
 2189 009c 3046     		mov	r0, r6
 2190 009e FFF7FEFF 		bl	updateQuaternion
 2191              	.LVL279:
 174:Core/Src/main.c **** 
ARM GAS  C:\Users\·\AppData\Local\Temp\ccg6e0Ld.s 			page 52


 2192              		.loc 1 174 5 view .LVU535
 2193 00a2 2B4F     		ldr	r7, .L63+52
 2194 00a4 3B46     		mov	r3, r7
 2195 00a6 2B4A     		ldr	r2, .L63+56
 2196 00a8 2B49     		ldr	r1, .L63+60
 2197 00aa 3046     		mov	r0, r6
 2198 00ac FFF7FEFF 		bl	calculateAngles
 2199              	.LVL280:
 176:Core/Src/main.c ****     calculateAccelAngles(&accel_roll, &accel_pitch);
 2200              		.loc 1 176 5 view .LVU536
 177:Core/Src/main.c **** 
 2201              		.loc 1 177 5 view .LVU537
 2202 00b0 07A9     		add	r1, sp, #28
 2203 00b2 06A8     		add	r0, sp, #24
 2204 00b4 FFF7FEFF 		bl	calculateAccelAngles
 2205              	.LVL281:
 179:Core/Src/main.c ****     float gyro_roll = MPU6050_Data.gyro_x / gyro_factor;
 2206              		.loc 1 179 5 view .LVU538
 180:Core/Src/main.c ****     float gyro_pitch = MPU6050_Data.gyro_y / gyro_factor;
 2207              		.loc 1 180 5 view .LVU539
 180:Core/Src/main.c ****     float gyro_pitch = MPU6050_Data.gyro_y / gyro_factor;
 2208              		.loc 1 180 43 is_stmt 0 view .LVU540
 2209 00b8 B4F90600 		ldrsh	r0, [r4, #6]
 2210 00bc FFF7FEFF 		bl	__aeabi_i2f
 2211              	.LVL282:
 180:Core/Src/main.c ****     float gyro_pitch = MPU6050_Data.gyro_y / gyro_factor;
 2212              		.loc 1 180 11 view .LVU541
 2213 00c0 2649     		ldr	r1, .L63+64
 2214 00c2 FFF7FEFF 		bl	__aeabi_fdiv
 2215              	.LVL283:
 2216 00c6 0646     		mov	r6, r0
 2217              	.LVL284:
 181:Core/Src/main.c ****     float gyro_yaw = MPU6050_Data.gyro_z / gyro_factor;
 2218              		.loc 1 181 5 is_stmt 1 view .LVU542
 181:Core/Src/main.c ****     float gyro_yaw = MPU6050_Data.gyro_z / gyro_factor;
 2219              		.loc 1 181 44 is_stmt 0 view .LVU543
 2220 00c8 B4F90800 		ldrsh	r0, [r4, #8]
 2221              	.LVL285:
 181:Core/Src/main.c ****     float gyro_yaw = MPU6050_Data.gyro_z / gyro_factor;
 2222              		.loc 1 181 44 view .LVU544
 2223 00cc FFF7FEFF 		bl	__aeabi_i2f
 2224              	.LVL286:
 181:Core/Src/main.c ****     float gyro_yaw = MPU6050_Data.gyro_z / gyro_factor;
 2225              		.loc 1 181 11 view .LVU545
 2226 00d0 2249     		ldr	r1, .L63+64
 2227 00d2 FFF7FEFF 		bl	__aeabi_fdiv
 2228              	.LVL287:
 2229 00d6 0446     		mov	r4, r0
 2230              	.LVL288:
 182:Core/Src/main.c **** 
 2231              		.loc 1 182 5 is_stmt 1 view .LVU546
 184:Core/Src/main.c ****     filtered_pitch = kalmanUpdate(&pitchKalman, accel_pitch, gyro_pitch, dt);
 2232              		.loc 1 184 5 view .LVU547
 184:Core/Src/main.c ****     filtered_pitch = kalmanUpdate(&pitchKalman, accel_pitch, gyro_pitch, dt);
 2233              		.loc 1 184 21 is_stmt 0 view .LVU548
 2234 00d8 2B68     		ldr	r3, [r5]	@ float
 2235 00da 3246     		mov	r2, r6
ARM GAS  C:\Users\·\AppData\Local\Temp\ccg6e0Ld.s 			page 53


 2236 00dc 0699     		ldr	r1, [sp, #24]	@ float
 2237 00de 1248     		ldr	r0, .L63+12
 2238              	.LVL289:
 184:Core/Src/main.c ****     filtered_pitch = kalmanUpdate(&pitchKalman, accel_pitch, gyro_pitch, dt);
 2239              		.loc 1 184 21 view .LVU549
 2240 00e0 FFF7FEFF 		bl	kalmanUpdate
 2241              	.LVL290:
 184:Core/Src/main.c ****     filtered_pitch = kalmanUpdate(&pitchKalman, accel_pitch, gyro_pitch, dt);
 2242              		.loc 1 184 19 discriminator 1 view .LVU550
 2243 00e4 1E4E     		ldr	r6, .L63+68
 2244              	.LVL291:
 184:Core/Src/main.c ****     filtered_pitch = kalmanUpdate(&pitchKalman, accel_pitch, gyro_pitch, dt);
 2245              		.loc 1 184 19 discriminator 1 view .LVU551
 2246 00e6 3060     		str	r0, [r6]	@ float
 185:Core/Src/main.c ****     complementaryFilter(&yaw, raw_yaw, gz_dps, dt, 0.95f);
 2247              		.loc 1 185 5 is_stmt 1 view .LVU552
 185:Core/Src/main.c ****     complementaryFilter(&yaw, raw_yaw, gz_dps, dt, 0.95f);
 2248              		.loc 1 185 22 is_stmt 0 view .LVU553
 2249 00e8 2B68     		ldr	r3, [r5]	@ float
 2250 00ea 2246     		mov	r2, r4
 2251 00ec 0799     		ldr	r1, [sp, #28]	@ float
 2252 00ee 0F48     		ldr	r0, .L63+16
 2253 00f0 FFF7FEFF 		bl	kalmanUpdate
 2254              	.LVL292:
 185:Core/Src/main.c ****     complementaryFilter(&yaw, raw_yaw, gz_dps, dt, 0.95f);
 2255              		.loc 1 185 20 discriminator 1 view .LVU554
 2256 00f4 1B4C     		ldr	r4, .L63+72
 2257              	.LVL293:
 185:Core/Src/main.c ****     complementaryFilter(&yaw, raw_yaw, gz_dps, dt, 0.95f);
 2258              		.loc 1 185 20 discriminator 1 view .LVU555
 2259 00f6 2060     		str	r0, [r4]	@ float
 186:Core/Src/main.c **** 
 2260              		.loc 1 186 5 is_stmt 1 view .LVU556
 2261 00f8 1B4B     		ldr	r3, .L63+76
 2262 00fa 0093     		str	r3, [sp]	@ float
 2263 00fc 2B68     		ldr	r3, [r5]	@ float
 2264 00fe 059A     		ldr	r2, [sp, #20]	@ float
 2265 0100 3968     		ldr	r1, [r7]	@ float
 2266 0102 0C48     		ldr	r0, .L63+24
 2267 0104 FFF7FEFF 		bl	complementaryFilter
 2268              	.LVL294:
 188:Core/Src/main.c ****     pitch = filtered_pitch;
 2269              		.loc 1 188 5 view .LVU557
 188:Core/Src/main.c ****     pitch = filtered_pitch;
 2270              		.loc 1 188 10 is_stmt 0 view .LVU558
 2271 0108 3268     		ldr	r2, [r6]	@ float
 2272 010a 0C4B     		ldr	r3, .L63+32
 2273 010c 1A60     		str	r2, [r3]	@ float
 189:Core/Src/main.c **** 
 2274              		.loc 1 189 5 is_stmt 1 view .LVU559
 189:Core/Src/main.c **** 
 2275              		.loc 1 189 11 is_stmt 0 view .LVU560
 2276 010e 2268     		ldr	r2, [r4]	@ float
 2277 0110 094B     		ldr	r3, .L63+28
 2278 0112 1A60     		str	r2, [r3]	@ float
 195:Core/Src/main.c ****   }
 2279              		.loc 1 195 5 is_stmt 1 view .LVU561
ARM GAS  C:\Users\·\AppData\Local\Temp\ccg6e0Ld.s 			page 54


 2280 0114 0A20     		movs	r0, #10
 2281 0116 FFF7FEFF 		bl	HAL_Delay
 2282              	.LVL295:
 2283              	.LBE7:
 163:Core/Src/main.c ****   {
 2284              		.loc 1 163 9 view .LVU562
 2285 011a A1E7     		b	.L61
 2286              	.L64:
 2287              		.align	2
 2288              	.L63:
 2289 011c 8FC2F53C 		.word	1022739087
 2290 0120 A69B443B 		.word	994352038
 2291 0124 6F12833A 		.word	981668463
 2292 0128 00000000 		.word	rollKalman
 2293 012c 00000000 		.word	pitchKalman
 2294 0130 00000000 		.word	yawKalman
 2295 0134 00000000 		.word	yaw
 2296 0138 00000000 		.word	pitch
 2297 013c 00000000 		.word	roll
 2298 0140 00000000 		.word	q
 2299 0144 00000000 		.word	DWT_CNT
 2300 0148 00000000 		.word	dt
 2301 014c 00000000 		.word	MPU6050_Data
 2302 0150 00000000 		.word	raw_yaw
 2303 0154 00000000 		.word	raw_roll
 2304 0158 00000000 		.word	raw_pitch
 2305 015c 00000343 		.word	1124270080
 2306 0160 00000000 		.word	filtered_roll
 2307 0164 00000000 		.word	filtered_pitch
 2308 0168 3333733F 		.word	1064514355
 2309              		.cfi_endproc
 2310              	.LFE65:
 2312              		.section	.bss.gyro_z_offset.0,"aw",%nobits
 2313              		.align	2
 2316              	gyro_z_offset.0:
 2317 0000 00000000 		.space	4
 2318              		.section	.bss.gyro_y_offset.1,"aw",%nobits
 2319              		.align	2
 2322              	gyro_y_offset.1:
 2323 0000 00000000 		.space	4
 2324              		.section	.bss.gyro_x_offset.2,"aw",%nobits
 2325              		.align	2
 2328              	gyro_x_offset.2:
 2329 0000 00000000 		.space	4
 2330              		.section	.bss.calibration_counter.3,"aw",%nobits
 2331              		.align	2
 2334              	calibration_counter.3:
 2335 0000 00000000 		.space	4
 2336              		.global	alpha
 2337              		.section	.data.alpha,"aw"
 2338              		.align	2
 2341              	alpha:
 2342 0000 48E17A3F 		.word	1065017672
 2343              		.global	filtered_yaw
 2344              		.section	.bss.filtered_yaw,"aw",%nobits
 2345              		.align	2
 2348              	filtered_yaw:
ARM GAS  C:\Users\·\AppData\Local\Temp\ccg6e0Ld.s 			page 55


 2349 0000 00000000 		.space	4
 2350              		.global	filtered_pitch
 2351              		.section	.bss.filtered_pitch,"aw",%nobits
 2352              		.align	2
 2355              	filtered_pitch:
 2356 0000 00000000 		.space	4
 2357              		.global	filtered_roll
 2358              		.section	.bss.filtered_roll,"aw",%nobits
 2359              		.align	2
 2362              	filtered_roll:
 2363 0000 00000000 		.space	4
 2364              		.global	raw_yaw
 2365              		.section	.bss.raw_yaw,"aw",%nobits
 2366              		.align	2
 2369              	raw_yaw:
 2370 0000 00000000 		.space	4
 2371              		.global	raw_pitch
 2372              		.section	.bss.raw_pitch,"aw",%nobits
 2373              		.align	2
 2376              	raw_pitch:
 2377 0000 00000000 		.space	4
 2378              		.global	raw_roll
 2379              		.section	.bss.raw_roll,"aw",%nobits
 2380              		.align	2
 2383              	raw_roll:
 2384 0000 00000000 		.space	4
 2385              		.global	yaw
 2386              		.section	.bss.yaw,"aw",%nobits
 2387              		.align	2
 2390              	yaw:
 2391 0000 00000000 		.space	4
 2392              		.global	pitch
 2393              		.section	.bss.pitch,"aw",%nobits
 2394              		.align	2
 2397              	pitch:
 2398 0000 00000000 		.space	4
 2399              		.global	roll
 2400              		.section	.bss.roll,"aw",%nobits
 2401              		.align	2
 2404              	roll:
 2405 0000 00000000 		.space	4
 2406              		.global	dt
 2407              		.section	.bss.dt,"aw",%nobits
 2408              		.align	2
 2411              	dt:
 2412 0000 00000000 		.space	4
 2413              		.global	DWT_CNT
 2414              		.section	.bss.DWT_CNT,"aw",%nobits
 2415              		.align	2
 2418              	DWT_CNT:
 2419 0000 00000000 		.space	4
 2420              		.global	q
 2421              		.section	.bss.q,"aw",%nobits
 2422              		.align	2
 2425              	q:
 2426 0000 00000000 		.space	16
 2426      00000000 
ARM GAS  C:\Users\·\AppData\Local\Temp\ccg6e0Ld.s 			page 56


 2426      00000000 
 2426      00000000 
 2427              		.global	pitchKalman
 2428              		.section	.bss.pitchKalman,"aw",%nobits
 2429              		.align	2
 2432              	pitchKalman:
 2433 0000 00000000 		.space	36
 2433      00000000 
 2433      00000000 
 2433      00000000 
 2433      00000000 
 2434              		.global	yawKalman
 2435              		.section	.bss.yawKalman,"aw",%nobits
 2436              		.align	2
 2439              	yawKalman:
 2440 0000 00000000 		.space	36
 2440      00000000 
 2440      00000000 
 2440      00000000 
 2440      00000000 
 2441              		.global	rollKalman
 2442              		.section	.bss.rollKalman,"aw",%nobits
 2443              		.align	2
 2446              	rollKalman:
 2447 0000 00000000 		.space	36
 2447      00000000 
 2447      00000000 
 2447      00000000 
 2447      00000000 
 2448              		.global	MPU6050_Data
 2449              		.section	.bss.MPU6050_Data,"aw",%nobits
 2450              		.align	2
 2453              	MPU6050_Data:
 2454 0000 00000000 		.space	20
 2454      00000000 
 2454      00000000 
 2454      00000000 
 2454      00000000 
 2455              		.text
 2456              	.Letext0:
 2457              		.file 3 "D:/msys64/mingw64/arm-none-eabi/include/machine/_default_types.h"
 2458              		.file 4 "D:/msys64/mingw64/arm-none-eabi/include/sys/_stdint.h"
 2459              		.file 5 "Drivers/CMSIS/Device/ST/STM32F1xx/Include/stm32f103xe.h"
 2460              		.file 6 "Drivers/STM32F1xx_HAL_Driver/Inc/stm32f1xx_hal_def.h"
 2461              		.file 7 "Drivers/STM32F1xx_HAL_Driver/Inc/stm32f1xx_hal_rcc.h"
 2462              		.file 8 "Drivers/STM32F1xx_HAL_Driver/Inc/stm32f1xx_hal_rcc_ex.h"
 2463              		.file 9 "Drivers/STM32F1xx_HAL_Driver/Inc/stm32f1xx_hal_dma.h"
 2464              		.file 10 "Drivers/STM32F1xx_HAL_Driver/Inc/stm32f1xx_hal_i2c.h"
 2465              		.file 11 "Core/Inc/i2c.h"
 2466              		.file 12 "D:/msys64/mingw64/arm-none-eabi/include/math.h"
 2467              		.file 13 "Bsp/bsp_dwt.h"
 2468              		.file 14 "Drivers/STM32F1xx_HAL_Driver/Inc/stm32f1xx_hal.h"
 2469              		.file 15 "Core/Inc/gpio.h"
 2470              		.file 16 "<built-in>"
ARM GAS  C:\Users\·\AppData\Local\Temp\ccg6e0Ld.s 			page 57


DEFINED SYMBOLS
                            *ABS*:00000000 main.c
C:\Users\·\AppData\Local\Temp\ccg6e0Ld.s:19     .text.MPU6050_read_data:00000000 $t
C:\Users\·\AppData\Local\Temp\ccg6e0Ld.s:25     .text.MPU6050_read_data:00000000 MPU6050_read_data
C:\Users\·\AppData\Local\Temp\ccg6e0Ld.s:141    .text.MPU6050_read_data:000000a0 $d
C:\Users\·\AppData\Local\Temp\ccg6e0Ld.s:2453   .bss.MPU6050_Data:00000000 MPU6050_Data
C:\Users\·\AppData\Local\Temp\ccg6e0Ld.s:147    .text.MPU6050_Init:00000000 $t
C:\Users\·\AppData\Local\Temp\ccg6e0Ld.s:153    .text.MPU6050_Init:00000000 MPU6050_Init
C:\Users\·\AppData\Local\Temp\ccg6e0Ld.s:252    .text.MPU6050_Init:00000080 $d
C:\Users\·\AppData\Local\Temp\ccg6e0Ld.s:261    .text.convertGyroData:00000000 $t
C:\Users\·\AppData\Local\Temp\ccg6e0Ld.s:267    .text.convertGyroData:00000000 convertGyroData
C:\Users\·\AppData\Local\Temp\ccg6e0Ld.s:471    .text.convertGyroData:00000100 $d
C:\Users\·\AppData\Local\Temp\ccg6e0Ld.s:2334   .bss.calibration_counter.3:00000000 calibration_counter.3
C:\Users\·\AppData\Local\Temp\ccg6e0Ld.s:2328   .bss.gyro_x_offset.2:00000000 gyro_x_offset.2
C:\Users\·\AppData\Local\Temp\ccg6e0Ld.s:2322   .bss.gyro_y_offset.1:00000000 gyro_y_offset.1
C:\Users\·\AppData\Local\Temp\ccg6e0Ld.s:2316   .bss.gyro_z_offset.0:00000000 gyro_z_offset.0
C:\Users\·\AppData\Local\Temp\ccg6e0Ld.s:483    .text.InitQuaternion:00000000 $t
C:\Users\·\AppData\Local\Temp\ccg6e0Ld.s:489    .text.InitQuaternion:00000000 InitQuaternion
C:\Users\·\AppData\Local\Temp\ccg6e0Ld.s:619    .text.InitQuaternion:0000009c $d
C:\Users\·\AppData\Local\Temp\ccg6e0Ld.s:624    .text.multiplyQuaternions:00000000 $t
C:\Users\·\AppData\Local\Temp\ccg6e0Ld.s:630    .text.multiplyQuaternions:00000000 multiplyQuaternions
C:\Users\·\AppData\Local\Temp\ccg6e0Ld.s:862    .text.updateQuaternion:00000000 $t
C:\Users\·\AppData\Local\Temp\ccg6e0Ld.s:868    .text.updateQuaternion:00000000 updateQuaternion
C:\Users\·\AppData\Local\Temp\ccg6e0Ld.s:1145   .text.updateQuaternion:00000140 $d
C:\Users\·\AppData\Local\Temp\ccg6e0Ld.s:1154   .text.calculateAngles:00000000 $t
C:\Users\·\AppData\Local\Temp\ccg6e0Ld.s:1160   .text.calculateAngles:00000000 calculateAngles
C:\Users\·\AppData\Local\Temp\ccg6e0Ld.s:1376   .text.calculateAngles:00000140 $d
C:\Users\·\AppData\Local\Temp\ccg6e0Ld.s:1383   .text.kalmanInit:00000000 $t
C:\Users\·\AppData\Local\Temp\ccg6e0Ld.s:1389   .text.kalmanInit:00000000 kalmanInit
C:\Users\·\AppData\Local\Temp\ccg6e0Ld.s:1436   .text.kalmanUpdate:00000000 $t
C:\Users\·\AppData\Local\Temp\ccg6e0Ld.s:1442   .text.kalmanUpdate:00000000 kalmanUpdate
C:\Users\·\AppData\Local\Temp\ccg6e0Ld.s:1690   .text.calculateAccelAngles:00000000 $t
C:\Users\·\AppData\Local\Temp\ccg6e0Ld.s:1696   .text.calculateAccelAngles:00000000 calculateAccelAngles
C:\Users\·\AppData\Local\Temp\ccg6e0Ld.s:1828   .text.calculateAccelAngles:000000b0 $d
C:\Users\·\AppData\Local\Temp\ccg6e0Ld.s:1836   .text.complementaryFilter:00000000 $t
C:\Users\·\AppData\Local\Temp\ccg6e0Ld.s:1842   .text.complementaryFilter:00000000 complementaryFilter
C:\Users\·\AppData\Local\Temp\ccg6e0Ld.s:1908   .text.Error_Handler:00000000 $t
C:\Users\·\AppData\Local\Temp\ccg6e0Ld.s:1914   .text.Error_Handler:00000000 Error_Handler
C:\Users\·\AppData\Local\Temp\ccg6e0Ld.s:1946   .text.SystemClock_Config:00000000 $t
C:\Users\·\AppData\Local\Temp\ccg6e0Ld.s:1952   .text.SystemClock_Config:00000000 SystemClock_Config
C:\Users\·\AppData\Local\Temp\ccg6e0Ld.s:2057   .text.main:00000000 $t
C:\Users\·\AppData\Local\Temp\ccg6e0Ld.s:2063   .text.main:00000000 main
C:\Users\·\AppData\Local\Temp\ccg6e0Ld.s:2289   .text.main:0000011c $d
C:\Users\·\AppData\Local\Temp\ccg6e0Ld.s:2446   .bss.rollKalman:00000000 rollKalman
C:\Users\·\AppData\Local\Temp\ccg6e0Ld.s:2432   .bss.pitchKalman:00000000 pitchKalman
C:\Users\·\AppData\Local\Temp\ccg6e0Ld.s:2439   .bss.yawKalman:00000000 yawKalman
C:\Users\·\AppData\Local\Temp\ccg6e0Ld.s:2390   .bss.yaw:00000000 yaw
C:\Users\·\AppData\Local\Temp\ccg6e0Ld.s:2397   .bss.pitch:00000000 pitch
C:\Users\·\AppData\Local\Temp\ccg6e0Ld.s:2404   .bss.roll:00000000 roll
C:\Users\·\AppData\Local\Temp\ccg6e0Ld.s:2425   .bss.q:00000000 q
C:\Users\·\AppData\Local\Temp\ccg6e0Ld.s:2418   .bss.DWT_CNT:00000000 DWT_CNT
C:\Users\·\AppData\Local\Temp\ccg6e0Ld.s:2411   .bss.dt:00000000 dt
C:\Users\·\AppData\Local\Temp\ccg6e0Ld.s:2369   .bss.raw_yaw:00000000 raw_yaw
C:\Users\·\AppData\Local\Temp\ccg6e0Ld.s:2383   .bss.raw_roll:00000000 raw_roll
C:\Users\·\AppData\Local\Temp\ccg6e0Ld.s:2376   .bss.raw_pitch:00000000 raw_pitch
C:\Users\·\AppData\Local\Temp\ccg6e0Ld.s:2362   .bss.filtered_roll:00000000 filtered_roll
C:\Users\·\AppData\Local\Temp\ccg6e0Ld.s:2355   .bss.filtered_pitch:00000000 filtered_pitch
ARM GAS  C:\Users\·\AppData\Local\Temp\ccg6e0Ld.s 			page 58


C:\Users\·\AppData\Local\Temp\ccg6e0Ld.s:2313   .bss.gyro_z_offset.0:00000000 $d
C:\Users\·\AppData\Local\Temp\ccg6e0Ld.s:2319   .bss.gyro_y_offset.1:00000000 $d
C:\Users\·\AppData\Local\Temp\ccg6e0Ld.s:2325   .bss.gyro_x_offset.2:00000000 $d
C:\Users\·\AppData\Local\Temp\ccg6e0Ld.s:2331   .bss.calibration_counter.3:00000000 $d
C:\Users\·\AppData\Local\Temp\ccg6e0Ld.s:2341   .data.alpha:00000000 alpha
C:\Users\·\AppData\Local\Temp\ccg6e0Ld.s:2338   .data.alpha:00000000 $d
C:\Users\·\AppData\Local\Temp\ccg6e0Ld.s:2348   .bss.filtered_yaw:00000000 filtered_yaw
C:\Users\·\AppData\Local\Temp\ccg6e0Ld.s:2345   .bss.filtered_yaw:00000000 $d
C:\Users\·\AppData\Local\Temp\ccg6e0Ld.s:2352   .bss.filtered_pitch:00000000 $d
C:\Users\·\AppData\Local\Temp\ccg6e0Ld.s:2359   .bss.filtered_roll:00000000 $d
C:\Users\·\AppData\Local\Temp\ccg6e0Ld.s:2366   .bss.raw_yaw:00000000 $d
C:\Users\·\AppData\Local\Temp\ccg6e0Ld.s:2373   .bss.raw_pitch:00000000 $d
C:\Users\·\AppData\Local\Temp\ccg6e0Ld.s:2380   .bss.raw_roll:00000000 $d
C:\Users\·\AppData\Local\Temp\ccg6e0Ld.s:2387   .bss.yaw:00000000 $d
C:\Users\·\AppData\Local\Temp\ccg6e0Ld.s:2394   .bss.pitch:00000000 $d
C:\Users\·\AppData\Local\Temp\ccg6e0Ld.s:2401   .bss.roll:00000000 $d
C:\Users\·\AppData\Local\Temp\ccg6e0Ld.s:2408   .bss.dt:00000000 $d
C:\Users\·\AppData\Local\Temp\ccg6e0Ld.s:2415   .bss.DWT_CNT:00000000 $d
C:\Users\·\AppData\Local\Temp\ccg6e0Ld.s:2422   .bss.q:00000000 $d
C:\Users\·\AppData\Local\Temp\ccg6e0Ld.s:2429   .bss.pitchKalman:00000000 $d
C:\Users\·\AppData\Local\Temp\ccg6e0Ld.s:2436   .bss.yawKalman:00000000 $d
C:\Users\·\AppData\Local\Temp\ccg6e0Ld.s:2443   .bss.rollKalman:00000000 $d
C:\Users\·\AppData\Local\Temp\ccg6e0Ld.s:2450   .bss.MPU6050_Data:00000000 $d

UNDEFINED SYMBOLS
HAL_I2C_Mem_Read
hi2c1
HAL_I2C_Mem_Write
__aeabi_i2f
__aeabi_fdiv
__aeabi_fadd
__aeabi_fsub
__aeabi_fmul
__aeabi_fcmplt
sqrtf
__aeabi_f2d
__aeabi_dmul
__aeabi_ddiv
__aeabi_d2f
sinf
cosf
atan2f
asinf
memset
HAL_RCC_OscConfig
HAL_RCC_ClockConfig
HAL_Init
MX_GPIO_Init
MX_I2C1_Init
DWT_Init
DWT_GetDeltaT
HAL_Delay
